member_id,date_of_birth,age,sex,race_ethnicity,zip_code,dual_eligible,hcc_risk_score,pcp_npi,deceased_date,attribution_edge_case
MBR-000001,1952-02-09,73,F,Non-Hispanic Black,30303,False,1.6214,1248706171,,False
MBR-000002,1955-09-23,70,M,Asian/Pacific Islander,30302,False,3.1358,1248706171,,False
MBR-000003,1950-09-18,75,M,Non-Hispanic White,30344,False,1.0198,1844868053,,False
MBR-000004,1949-08-07,76,M,Non-Hispanic White,30309,False,1.3142,1844868053,,False
MBR-000005,1956-11-20,69,M,Non-Hispanic White,30350,True,1.1861,1349083724,,False
MBR-000006,1955-01-17,70,M,Non-Hispanic White,30319,False,1.2999,1499072778,,False
MBR-000007,1952-04-23,73,F,Non-Hispanic Black,30346,False,0.5721,1599126307,,False
MBR-000008,1953-03-05,72,F,Non-Hispanic White,30309,False,1.6612,1501118737,,False
MBR-000009,1953-07-07,72,F,Hispanic,30024,False,1.416,1899100857,,True
MBR-000010,1955-08-09,70,M,Other/Unknown,30331,False,1.1893,1844868053,,False
MBR-000011,1950-11-10,75,M,Non-Hispanic White,30302,False,1.0467,1304514849,,False
MBR-000012,1950-05-25,75,M,Non-Hispanic White,30303,False,0.8423,1419073370,,False
MBR-000013,1952-03-21,73,F,Non-Hispanic White,30303,False,1.6969,1182922322,,False
MBR-000014,1949-12-16,76,F,Non-Hispanic White,30302,False,0.7525,1499072778,,False
MBR-000015,1951-09-16,74,M,Non-Hispanic White,30341,False,1.5469,1499072778,,False
MBR-000016,1955-10-25,70,F,Other/Unknown,30005,False,3.0721,1782278965,,False
MBR-000017,1951-06-13,74,M,Non-Hispanic White,30328,True,2.6675,1248706171,,False
MBR-000018,1955-06-07,70,M,Non-Hispanic White,30326,False,0.6296,1499072778,,False
MBR-000019,1950-05-04,75,M,Non-Hispanic Black,30327,True,1.1544,1499072778,,False
MBR-000020,1953-09-10,72,M,Non-Hispanic White,30342,False,1.4786,1248706171,,False
MBR-000021,1953-03-19,72,F,Non-Hispanic White,30341,False,1.1906,1248706171,2025-09-03,False
MBR-000022,1954-12-14,71,F,American Indian/Alaska Native,30310,False,0.6633,1248706171,,False
MBR-000023,1948-03-12,77,M,Non-Hispanic White,30009,False,1.4752,1505413597,,False
MBR-000024,1953-06-14,72,F,Non-Hispanic White,30303,False,1.2226,1782278965,,False
MBR-000025,1954-04-28,71,F,Non-Hispanic White,30354,True,3.0373,1501118737,,False
MBR-000026,1953-08-28,72,F,Asian/Pacific Islander,30024,False,1.0988,1248706171,,False
MBR-000027,1951-09-05,74,F,Non-Hispanic White,30360,False,2.0658,1505413597,,False
MBR-000028,1951-12-04,74,M,Non-Hispanic White,30302,True,0.8466,1248706171,,False
MBR-000029,1951-10-07,74,F,Non-Hispanic White,30329,True,1.0497,1872462163,,False
MBR-000030,1951-03-24,74,M,Non-Hispanic White,30310,False,1.6964,1499072778,,False
MBR-000031,1944-03-13,81,F,Asian/Pacific Islander,30354,False,2.0182,1899100857,,False
MBR-000032,1954-11-25,71,M,Non-Hispanic White,30303,False,0.804,1973628220,,False
MBR-000033,1954-06-19,71,F,American Indian/Alaska Native,30332,True,1.5366,1844868053,,False
MBR-000034,1954-02-16,71,M,Non-Hispanic White,30009,True,0.892,1973628220,,False
MBR-000035,1951-10-08,74,M,Non-Hispanic White,30305,False,1.142,1349083724,,False
MBR-000036,1949-08-10,76,F,Non-Hispanic Black,30306,True,1.967,1349083724,,False
MBR-000037,1953-01-05,72,F,Non-Hispanic White,30331,True,1.2958,1679478607,,False
MBR-000038,1955-10-15,70,M,Non-Hispanic White,30319,False,1.0928,1248706171,,False
MBR-000039,1955-08-08,70,F,Non-Hispanic Black,30306,False,0.7417,1499072778,,False
MBR-000040,1950-08-09,75,F,Non-Hispanic White,30309,False,0.9363,1349083724,,False
MBR-000041,1950-11-02,75,M,Non-Hispanic White,30328,True,2.9647,1182922322,,False
MBR-000042,1951-06-23,74,F,American Indian/Alaska Native,30324,False,1.276,1844868053,,False
MBR-000043,1954-06-27,71,M,Non-Hispanic White,30318,False,0.7884,1349083724,,False
MBR-000044,1952-08-14,73,F,Non-Hispanic White,30306,False,1.0735,1679478607,,False
MBR-000045,1952-03-16,73,M,Non-Hispanic White,30331,False,0.6168,1668497958,,True
MBR-000046,1952-02-26,73,M,Non-Hispanic White,30306,False,0.7923,1501118737,,False
MBR-000047,1950-11-15,75,F,Non-Hispanic White,30310,False,2.2533,1499072778,,False
MBR-000048,1952-03-18,73,F,Non-Hispanic White,30349,False,1.1575,1899100857,,False
MBR-000049,1950-07-12,75,F,Non-Hispanic White,30306,False,2.8499,1899100857,,False
MBR-000050,1952-04-15,73,F,Non-Hispanic White,30318,False,1.1816,1844868053,,False
MBR-000051,1952-03-15,73,F,Non-Hispanic White,30009,False,1.2127,1248706171,,False
MBR-000052,1951-08-20,74,F,Non-Hispanic White,30319,False,1.6372,1182922322,,False
MBR-000053,1956-10-17,69,F,Non-Hispanic White,30331,False,0.5,1844868053,,False
MBR-000054,1953-06-15,72,M,Non-Hispanic White,30302,False,1.3439,1248706171,,False
MBR-000055,1954-02-03,71,M,Non-Hispanic White,30310,False,1.1978,1899100857,,False
MBR-000056,1954-03-26,71,M,Non-Hispanic White,30304,False,2.3661,1501118737,,False
MBR-000057,1953-02-25,72,F,Non-Hispanic Black,30345,False,1.8803,1501118737,,False
MBR-000058,1947-11-06,78,M,Non-Hispanic White,30341,False,0.7725,1499072778,,False
MBR-000059,1955-04-09,70,M,Non-Hispanic White,30303,True,2.3017,1872462163,,False
MBR-000060,1949-05-28,76,F,Hispanic,30310,False,1.1104,1304514849,,False
MBR-000061,1956-01-09,69,M,Non-Hispanic White,30303,False,0.8148,1505413597,,False
MBR-000062,1953-06-23,72,M,Non-Hispanic White,30328,False,1.3393,1349083724,,False
MBR-000063,1952-11-23,73,F,Non-Hispanic White,30334,False,1.1274,1668497958,,False
MBR-000064,1951-05-25,74,F,Non-Hispanic White,30329,False,2.434,1248706171,,True
MBR-000065,1950-08-01,75,M,Non-Hispanic White,30004,False,1.4388,1599126307,,False
MBR-000066,1950-03-14,75,M,Non-Hispanic White,30304,False,1.3564,1599126307,,False
MBR-000067,1953-02-16,72,M,Non-Hispanic White,30326,True,2.0761,1501118737,,False
MBR-000068,1954-09-24,71,F,Non-Hispanic Black,30324,False,1.9863,1501118737,,False
MBR-000069,1950-01-07,75,F,Asian/Pacific Islander,30303,False,1.7474,1499072778,,False
MBR-000070,1953-06-09,72,M,Non-Hispanic White,30009,False,2.301,1248706171,,False
MBR-000071,1955-04-06,70,F,Non-Hispanic White,30304,False,1.5981,1844868053,,False
MBR-000072,1955-01-22,70,M,Non-Hispanic White,30342,True,1.6036,1248706171,,False
MBR-000073,1955-07-28,70,M,Other/Unknown,30345,False,2.1158,1248706171,,False
MBR-000074,1951-12-04,74,F,Non-Hispanic White,30005,False,1.1879,1973628220,,False
MBR-000075,1952-01-07,73,M,Non-Hispanic White,30324,False,1.2501,1499072778,,False
MBR-000076,1950-10-09,75,M,Non-Hispanic White,30305,True,2.8457,1872462163,,False
MBR-000077,1954-07-25,71,M,Non-Hispanic White,30360,False,2.5138,1501118737,,False
MBR-000078,1952-09-13,73,F,Non-Hispanic White,30346,False,1.2276,1505413597,,False
MBR-000079,1951-02-08,74,F,Non-Hispanic White,30328,False,1.0145,1499072778,,False
MBR-000080,1953-11-10,72,F,Non-Hispanic White,30360,False,2.3461,1782278965,,False
MBR-000081,1951-01-17,74,M,Hispanic,30307,False,1.7563,1161128001,,False
MBR-000082,1954-11-11,71,M,Non-Hispanic White,30324,False,1.4071,1248706171,,False
MBR-000083,1953-08-04,72,F,Non-Hispanic White,30344,False,1.0662,1161128001,,False
MBR-000084,1954-05-23,71,M,Non-Hispanic White,30305,False,1.4172,1248706171,,False
MBR-000085,1955-01-12,70,F,Non-Hispanic White,30327,True,1.3829,1499072778,,False
MBR-000086,1951-08-08,74,F,Non-Hispanic White,30004,False,0.9259,1248706171,,False
MBR-000087,1954-02-21,71,M,Non-Hispanic White,30341,False,1.2957,1161128001,,False
MBR-000088,1952-08-21,73,F,Non-Hispanic White,30344,False,1.3842,1973628220,,False
MBR-000089,1951-10-05,74,M,Non-Hispanic White,30310,False,1.0495,1182922322,,False
MBR-000090,1951-04-03,74,M,Non-Hispanic White,30022,True,2.0771,1499072778,2025-03-07,False
MBR-000091,1950-03-02,75,F,Non-Hispanic White,30309,False,2.1832,1161128001,,False
MBR-000092,1953-03-22,72,F,Non-Hispanic White,30319,False,1.8847,1182922322,,False
MBR-000093,1954-03-18,71,F,Non-Hispanic White,30327,False,1.0837,1462172927,,False
MBR-000094,1953-02-23,72,F,Non-Hispanic White,30346,True,1.8776,1973628220,,False
MBR-000095,1956-03-18,69,F,Non-Hispanic White,30009,False,1.2588,1349083724,,False
MBR-000096,1956-08-12,69,F,Non-Hispanic White,30345,False,0.7041,1157435530,,False
MBR-000097,1955-04-17,70,F,Non-Hispanic White,30326,True,1.7887,1679478607,,False
MBR-000098,1955-10-21,70,M,Other/Unknown,30318,False,1.3016,1462172927,,False
MBR-000099,1951-10-12,74,F,Hispanic,30332,True,3.9993,1161128001,,False
MBR-000100,1955-10-26,70,F,Non-Hispanic White,30334,True,2.4748,1349083724,,False
MBR-000101,1953-07-26,72,M,Non-Hispanic White,30301,False,1.6806,1499072778,,False
MBR-000102,1948-04-23,77,M,Non-Hispanic White,30327,False,1.3904,1872462163,,False
MBR-000103,1953-12-28,72,M,Non-Hispanic Black,30346,False,1.3197,1505413597,,False
MBR-000104,1950-03-11,75,M,Non-Hispanic White,30350,True,0.9324,1499072778,,False
MBR-000105,1955-06-04,70,F,Non-Hispanic Black,30360,False,0.5687,1599126307,,False
MBR-000106,1953-06-14,72,M,Hispanic,30305,False,0.8383,1668497958,,False
MBR-000107,1955-09-21,70,F,Non-Hispanic White,30331,False,1.1945,1304514849,,False
MBR-000108,1953-07-22,72,F,Non-Hispanic White,30310,False,0.5,1872462163,,False
MBR-000109,1950-10-11,75,F,Non-Hispanic Black,30309,False,0.9793,1349083724,,False
MBR-000110,1956-12-09,69,M,Non-Hispanic White,30324,False,1.0895,1844868053,,False
MBR-000111,1951-05-13,74,M,Hispanic,30309,False,1.1251,1499072778,,False
MBR-000112,1952-11-23,73,F,Non-Hispanic White,30305,False,0.923,1462172927,,False
MBR-000113,1954-03-02,71,F,Other/Unknown,30318,True,1.2266,1462172927,,False
MBR-000114,1956-11-10,69,F,Non-Hispanic Black,30331,False,2.6227,1872462163,,False
MBR-000115,1952-03-07,73,F,Non-Hispanic White,30332,True,1.8509,1782278965,,False
MBR-000116,1954-11-23,71,M,Non-Hispanic White,30304,False,0.9566,1499072778,,False
MBR-000117,1952-05-14,73,F,Non-Hispanic White,30327,False,1.1957,1161128001,,False
MBR-000118,1952-12-03,73,M,Non-Hispanic Black,30326,False,1.2168,1782278965,,False
MBR-000119,1946-02-08,79,M,Non-Hispanic Black,30319,False,0.9054,1679478607,2025-03-29,False
MBR-000120,1953-06-02,72,F,Non-Hispanic White,30334,False,0.8769,1679478607,,False
MBR-000121,1955-11-14,70,M,Non-Hispanic Black,30301,False,1.9109,1505413597,,False
MBR-000122,1952-01-28,73,M,Non-Hispanic White,30009,False,1.0254,1499072778,,False
MBR-000123,1952-04-16,73,M,Non-Hispanic White,30301,False,0.7652,1349083724,,False
MBR-000124,1948-02-25,77,M,Non-Hispanic White,30329,True,1.5072,1462172927,2025-05-16,False
MBR-000125,1950-04-21,75,F,Non-Hispanic White,30310,False,1.3054,1973628220,,False
MBR-000126,1951-05-25,74,M,Non-Hispanic White,30329,False,0.5299,1349083724,,False
MBR-000127,1947-08-09,78,F,Non-Hispanic White,30307,True,1.4642,1782278965,,False
MBR-000128,1955-04-27,70,F,Non-Hispanic White,30354,False,1.7934,1161128001,,False
MBR-000129,1954-02-07,71,M,Non-Hispanic White,30310,True,1.7643,1349083724,,False
MBR-000130,1955-03-13,70,M,Hispanic,30332,False,3.2931,1501118737,,False
MBR-000131,1954-12-20,71,F,Non-Hispanic White,30303,False,2.1311,1501118737,,False
MBR-000132,1956-12-09,69,F,Hispanic,30306,False,2.3193,1872462163,,False
MBR-000133,1951-03-08,74,F,Non-Hispanic White,30332,False,4.0,1499072778,,False
MBR-000134,1953-03-04,72,F,Non-Hispanic White,30324,False,1.7159,1872462163,,False
MBR-000135,1956-01-01,69,M,Non-Hispanic White,30329,False,1.3074,1304514849,,False
MBR-000136,1955-12-15,70,M,Non-Hispanic White,30004,False,1.8799,1349083724,,False
MBR-000137,1952-09-28,73,F,Non-Hispanic White,30354,False,0.965,1844868053,,False
MBR-000138,1950-10-07,75,M,Non-Hispanic White,30022,False,1.2996,1505413597,,True
MBR-000139,1944-04-13,81,F,Non-Hispanic White,30308,False,0.9606,1161128001,,False
MBR-000140,1938-08-27,87,F,Non-Hispanic White,30354,False,1.5234,1599126307,,False
MBR-000141,1951-01-22,74,F,Non-Hispanic White,30324,False,0.9309,1349083724,,False
MBR-000142,1955-09-01,70,M,Non-Hispanic White,30327,True,1.0645,1157435530,,False
MBR-000143,1957-07-15,68,M,Non-Hispanic Black,30024,False,1.4574,1161128001,,False
MBR-000144,1952-04-05,73,M,Non-Hispanic White,30319,False,1.1599,1248706171,,False
MBR-000145,1954-09-07,71,M,Asian/Pacific Islander,30354,False,0.5281,1679478607,,False
MBR-000146,1954-08-07,71,F,Non-Hispanic Black,30342,False,0.6473,1248706171,,False
MBR-000147,1954-06-18,71,M,Asian/Pacific Islander,30306,False,0.7401,1505413597,,False
MBR-000148,1953-03-06,72,M,Non-Hispanic Black,30328,True,1.045,1782278965,,False
MBR-000149,1949-01-08,76,M,Non-Hispanic White,30329,False,1.49,1248706171,,False
MBR-000150,1952-12-07,73,M,Non-Hispanic White,30024,False,1.3562,1844868053,,False
MBR-000151,1953-04-10,72,F,Non-Hispanic White,30344,True,2.168,1782278965,,False
MBR-000152,1955-04-19,70,M,Non-Hispanic Black,30302,True,1.84,1973628220,,False
MBR-000153,1956-09-12,69,F,Non-Hispanic White,30305,True,2.1525,1161128001,,False
MBR-000154,1954-04-10,71,M,Non-Hispanic White,30307,False,1.6019,1668497958,,False
MBR-000155,1953-05-15,72,F,Hispanic,30331,False,1.3467,1782278965,,False
MBR-000156,1946-09-18,79,M,Non-Hispanic White,30308,False,2.024,1844868053,,False
MBR-000157,1952-08-01,73,M,Non-Hispanic White,30344,True,2.1028,1161128001,,False
MBR-000158,1949-08-25,76,F,Non-Hispanic White,30334,False,1.4653,1973628220,,False
MBR-000159,1954-01-26,71,F,Non-Hispanic White,30340,False,2.1501,1499072778,,False
MBR-000160,1955-06-17,70,F,Non-Hispanic White,30302,False,0.5,1182922322,,False
MBR-000161,1955-06-17,70,M,Non-Hispanic Black,30318,False,1.073,1599126307,,False
MBR-000162,1954-08-20,71,M,Non-Hispanic White,30310,True,1.2777,1505413597,,False
MBR-000163,1944-02-13,81,F,Non-Hispanic White,30341,False,2.0798,1844868053,,False
MBR-000164,1954-02-11,71,M,Non-Hispanic White,30307,False,2.4578,1505413597,,False
MBR-000165,1950-10-10,75,F,Non-Hispanic White,30309,True,0.8524,1248706171,,False
MBR-000166,1955-09-05,70,F,Non-Hispanic White,30308,False,2.2845,1499072778,,False
MBR-000167,1949-10-24,76,F,Asian/Pacific Islander,30360,True,1.025,1599126307,,False
MBR-000168,1951-04-09,74,F,Hispanic,30301,True,0.8654,1248706171,,False
MBR-000169,1953-12-08,72,F,Non-Hispanic White,30327,False,1.1079,1844868053,,False
MBR-000170,1953-04-27,72,M,Non-Hispanic White,30346,False,1.0679,1844868053,,False
MBR-000171,1954-08-15,71,M,Non-Hispanic White,30349,False,0.6191,1161128001,,False
MBR-000172,1951-02-18,74,F,Non-Hispanic White,30307,False,1.6436,1501118737,,False
MBR-000173,1954-12-07,71,M,Non-Hispanic White,30306,False,1.6531,1182922322,,True
MBR-000174,1955-04-08,70,M,Non-Hispanic White,30326,True,2.1683,1499072778,,False
MBR-000175,1955-10-21,70,M,Non-Hispanic White,30302,False,1.0073,1499072778,,False
MBR-000176,1952-04-13,73,F,Other/Unknown,30327,False,1.2108,1501118737,,False
MBR-000177,1947-10-05,78,F,Non-Hispanic White,30303,False,1.2357,1182922322,,True
MBR-000178,1952-06-24,73,F,Hispanic,30328,False,2.5969,1161128001,,False
MBR-000179,1953-01-12,72,M,Non-Hispanic White,30308,False,0.5,1248706171,,False
MBR-000180,1952-03-19,73,M,Hispanic,30328,True,1.0768,1505413597,,False
MBR-000181,1948-09-10,77,F,Non-Hispanic White,30306,True,1.4303,1844868053,,False
MBR-000182,1952-03-16,73,M,Non-Hispanic White,30318,False,0.7683,1161128001,,False
MBR-000183,1954-04-22,71,F,Hispanic,30307,False,1.0923,1973628220,,False
MBR-000184,1949-07-25,76,F,Asian/Pacific Islander,30009,True,1.2962,1182922322,,False
MBR-000185,1951-04-06,74,M,Non-Hispanic White,30319,True,1.1167,1248706171,,False
MBR-000186,1947-02-19,78,M,Non-Hispanic White,30303,False,1.2873,1499072778,,False
MBR-000187,1952-08-26,73,M,Non-Hispanic White,30308,True,1.8156,1501118737,,False
MBR-000188,1955-09-18,70,F,Non-Hispanic White,30310,True,1.3622,1182922322,,False
MBR-000189,1956-09-05,69,F,Non-Hispanic White,30306,False,0.9946,1782278965,,False
MBR-000190,1946-12-06,79,M,Hispanic,30310,False,1.1697,1304514849,,False
MBR-000191,1946-02-06,79,F,Non-Hispanic White,30341,False,1.252,1248706171,,False
MBR-000192,1953-06-03,72,M,Non-Hispanic White,30324,False,0.5764,1248706171,,False
MBR-000193,1954-03-22,71,M,Non-Hispanic White,30310,False,1.501,1157435530,,False
MBR-000194,1947-11-28,78,F,Non-Hispanic White,30319,False,1.0316,1973628220,,False
MBR-000195,1955-07-15,70,M,Non-Hispanic White,30307,False,2.137,1973628220,,False
MBR-000196,1955-02-17,70,M,Non-Hispanic White,30005,False,1.5856,1973628220,,False
MBR-000197,1950-09-22,75,F,Non-Hispanic White,30304,False,2.0717,1157435530,,False
MBR-000198,1954-01-12,71,M,Non-Hispanic White,30345,False,0.7854,1419073370,,False
MBR-000199,1953-04-14,72,F,Asian/Pacific Islander,30344,False,1.0433,1668497958,,False
MBR-000200,1953-09-17,72,M,Non-Hispanic White,30309,True,0.899,1248706171,,False
MBR-000201,1951-07-09,74,M,Hispanic,30310,False,0.9097,1349083724,2025-01-22,False
MBR-000202,1947-10-02,78,M,Non-Hispanic White,30306,False,2.1601,1248706171,,False
MBR-000203,1952-07-16,73,M,Non-Hispanic White,30346,False,2.3756,1499072778,,False
MBR-000204,1950-11-24,75,M,Non-Hispanic White,30318,False,0.7558,1844868053,,False
MBR-000205,1957-07-03,68,M,Non-Hispanic White,30324,False,0.9884,1505413597,,False
MBR-000206,1953-01-07,72,F,Non-Hispanic White,30340,False,1.1876,1599126307,,False
MBR-000207,1955-01-08,70,M,Non-Hispanic White,30354,False,1.5818,1499072778,,False
MBR-000208,1955-10-23,70,M,Non-Hispanic White,30324,False,0.5636,1304514849,,False
MBR-000209,1955-01-15,70,M,Non-Hispanic White,30326,False,0.6033,1161128001,,False
MBR-000210,1953-05-15,72,M,Non-Hispanic White,30354,False,1.5238,1668497958,,False
MBR-000211,1949-01-19,76,M,Non-Hispanic White,30308,True,0.644,1679478607,,False
MBR-000212,1955-04-08,70,F,Non-Hispanic White,30349,True,1.2469,1161128001,,False
MBR-000213,1952-08-20,73,M,Non-Hispanic White,30301,False,1.3228,1501118737,,False
MBR-000214,1954-03-01,71,F,Non-Hispanic White,30306,False,1.4708,1973628220,,False
MBR-000215,1953-06-04,72,F,Non-Hispanic White,30346,False,1.1539,1973628220,,False
MBR-000216,1949-12-23,76,M,Non-Hispanic White,30304,True,1.1723,1501118737,,False
MBR-000217,1951-01-19,74,M,Non-Hispanic Black,30308,False,1.7908,1248706171,,False
MBR-000218,1948-01-05,77,M,Non-Hispanic White,30310,False,1.4123,1501118737,,False
MBR-000219,1953-04-13,72,F,Non-Hispanic White,30324,False,0.9249,1501118737,,False
MBR-000220,1954-10-02,71,M,Asian/Pacific Islander,30344,True,1.4814,1872462163,,True
MBR-000221,1953-05-19,72,F,Non-Hispanic White,30304,False,1.4538,1973628220,,False
MBR-000222,1952-08-22,73,F,Hispanic,30309,True,2.7721,1161128001,2025-01-21,False
MBR-000223,1952-01-08,73,F,Non-Hispanic Black,30318,False,1.7414,1161128001,,False
MBR-000224,1955-09-10,70,F,Non-Hispanic White,30024,False,2.0927,1973628220,,False
MBR-000225,1952-01-07,73,F,Non-Hispanic White,30308,True,1.185,1844868053,,False
MBR-000226,1952-09-11,73,M,Non-Hispanic White,30009,True,1.2325,1844868053,,False
MBR-000227,1941-02-08,84,M,Other/Unknown,30346,False,1.1554,1248706171,,False
MBR-000228,1945-11-07,80,M,Non-Hispanic White,30309,False,1.1849,1419073370,,False
MBR-000229,1955-04-13,70,F,Non-Hispanic White,30350,False,0.7824,1973628220,,False
MBR-000230,1953-03-25,72,F,Non-Hispanic White,30324,False,2.1492,1973628220,,False
MBR-000231,1956-05-22,69,F,Non-Hispanic White,30318,False,1.8017,1782278965,,False
MBR-000232,1954-01-09,71,M,Non-Hispanic White,30329,False,1.0698,1501118737,,False
MBR-000233,1952-02-27,73,F,Non-Hispanic White,30341,False,1.6337,1505413597,,False
MBR-000234,1948-08-06,77,F,Non-Hispanic White,30340,False,1.3746,1501118737,,False
MBR-000235,1954-04-26,71,F,Hispanic,30360,False,1.683,1499072778,,False
MBR-000236,1954-05-09,71,F,Non-Hispanic White,30009,False,0.6793,1668497958,,False
MBR-000237,1957-10-16,68,M,Non-Hispanic White,30329,False,1.1359,1505413597,,True
MBR-000238,1953-02-06,72,M,Non-Hispanic White,30342,False,1.1971,1248706171,,False
MBR-000239,1955-05-22,70,F,Non-Hispanic Black,30341,False,1.6088,1844868053,,False
MBR-000240,1954-03-09,71,M,Hispanic,30301,False,0.9284,1499072778,2025-03-14,False
MBR-000241,1955-06-25,70,M,Non-Hispanic White,30304,True,0.6567,1248706171,,False
MBR-000242,1953-04-03,72,M,Non-Hispanic White,30318,False,0.7655,1419073370,,False
MBR-000243,1956-01-15,69,M,Non-Hispanic White,30345,False,1.1835,1505413597,,False
MBR-000244,1956-01-05,69,F,Hispanic,30304,False,1.251,1782278965,,False
MBR-000245,1944-11-25,81,F,Non-Hispanic White,30346,True,2.7782,1505413597,,False
MBR-000246,1955-01-12,70,M,Non-Hispanic White,30306,False,1.5798,1499072778,,False
MBR-000247,1955-10-19,70,M,Non-Hispanic White,30304,False,1.2648,1499072778,,False
MBR-000248,1945-11-25,80,M,Non-Hispanic White,30327,False,1.2426,1248706171,,False
MBR-000249,1938-06-15,87,F,Non-Hispanic White,30301,False,2.0603,1161128001,,False
MBR-000250,1955-04-02,70,F,Non-Hispanic White,30344,False,0.9401,1248706171,,False
MBR-000251,1953-10-07,72,F,Non-Hispanic White,30310,False,1.1546,1973628220,,False
MBR-000252,1951-12-06,74,M,Hispanic,30024,False,0.771,1248706171,,False
MBR-000253,1946-02-26,79,M,Non-Hispanic White,30305,False,2.3284,1161128001,,False
MBR-000254,1955-12-26,70,M,Non-Hispanic White,30024,False,1.4518,1501118737,,False
MBR-000255,1953-12-14,72,F,Non-Hispanic White,30328,False,0.9008,1844868053,,False
MBR-000256,1950-02-25,75,M,American Indian/Alaska Native,30302,False,1.1798,1499072778,,False
MBR-000257,1951-01-07,74,F,Non-Hispanic White,30309,False,1.5453,1499072778,,False
MBR-000258,1953-09-20,72,F,Non-Hispanic White,30305,True,1.3403,1248706171,,False
MBR-000259,1953-01-11,72,M,Non-Hispanic White,30329,True,1.1216,1668497958,,False
MBR-000260,1956-08-07,69,M,Non-Hispanic White,30349,False,0.91,1505413597,,False
MBR-000261,1953-01-08,72,M,Non-Hispanic White,30326,False,1.4257,1973628220,,False
MBR-000262,1953-09-12,72,M,Non-Hispanic White,30331,False,1.0494,1501118737,,False
MBR-000263,1952-03-10,73,M,Non-Hispanic White,30328,False,1.0104,1182922322,,False
MBR-000264,1954-02-06,71,F,Non-Hispanic White,30326,False,0.6818,1304514849,,False
MBR-000265,1951-01-10,74,M,Non-Hispanic White,30324,False,1.2787,1304514849,,False
MBR-000266,1949-03-04,76,M,Asian/Pacific Islander,30331,False,1.15,1844868053,,False
MBR-000267,1952-07-28,73,F,Non-Hispanic White,30342,False,1.0703,1973628220,,False
MBR-000268,1951-01-11,74,F,Non-Hispanic White,30004,False,1.3483,1248706171,,False
MBR-000269,1952-10-04,73,M,Non-Hispanic White,30309,False,1.7122,1499072778,,False
MBR-000270,1952-08-17,73,F,Non-Hispanic White,30304,False,1.6775,1349083724,,False
MBR-000271,1954-04-25,71,F,Non-Hispanic White,30307,False,1.5629,1499072778,2025-09-15,False
MBR-000272,1952-12-11,73,F,Non-Hispanic White,30331,False,1.1088,1844868053,,False
MBR-000273,1953-08-24,72,F,Non-Hispanic White,30309,False,0.9578,1844868053,,False
MBR-000274,1944-09-18,81,M,Non-Hispanic White,30022,True,1.0751,1248706171,,False
MBR-000275,1947-03-21,78,F,Hispanic,30331,False,0.9709,1668497958,,False
MBR-000276,1951-09-09,74,M,Other/Unknown,30332,False,1.2467,1973628220,,False
MBR-000277,1954-07-02,71,F,Non-Hispanic White,30360,True,1.1036,1679478607,,False
MBR-000278,1955-12-10,70,F,Non-Hispanic White,30301,False,1.273,1161128001,,False
MBR-000279,1948-06-26,77,M,Non-Hispanic White,30350,False,0.8251,1679478607,,False
MBR-000280,1952-09-23,73,M,Non-Hispanic White,30302,False,0.6003,1899100857,,False
MBR-000281,1951-05-22,74,F,Non-Hispanic White,30332,False,1.7711,1973628220,,False
MBR-000282,1956-01-25,69,F,Non-Hispanic White,30004,False,0.9853,1248706171,,False
MBR-000283,1949-02-11,76,M,Non-Hispanic White,30342,False,0.8674,1505413597,,False
MBR-000284,1951-11-10,74,F,Non-Hispanic White,30341,False,0.7695,1349083724,,False
MBR-000285,1955-09-26,70,F,Hispanic,30307,False,1.4716,1782278965,,False
MBR-000286,1954-05-17,71,F,Non-Hispanic White,30340,False,2.2518,1501118737,,False
MBR-000287,1952-09-09,73,M,Non-Hispanic White,30318,False,1.0329,1248706171,,False
MBR-000288,1952-01-08,73,M,Non-Hispanic White,30328,False,1.1211,1679478607,,False
MBR-000289,1953-01-25,72,F,Non-Hispanic White,30310,True,2.1916,1349083724,,False
MBR-000290,1953-07-02,72,M,Non-Hispanic White,30306,False,0.5593,1499072778,,False
MBR-000291,1953-08-02,72,F,Other/Unknown,30327,True,3.0912,1499072778,,False
MBR-000292,1952-12-21,73,M,Non-Hispanic White,30307,False,3.6364,1248706171,,False
MBR-000293,1947-10-01,78,F,Non-Hispanic White,30346,False,0.5,1161128001,,False
MBR-000294,1957-04-05,68,M,Non-Hispanic White,30344,False,1.1605,1462172927,,False
MBR-000295,1953-10-28,72,M,Non-Hispanic White,30009,False,0.8963,1161128001,,False
MBR-000296,1952-06-12,73,F,Non-Hispanic White,30301,False,1.0972,1872462163,,True
MBR-000297,1952-10-21,73,F,Non-Hispanic White,30005,False,1.0261,1161128001,2025-03-05,False
MBR-000298,1953-03-14,72,F,Non-Hispanic Black,30307,False,1.7571,1182922322,,False
MBR-000299,1956-01-03,69,F,Non-Hispanic White,30326,False,1.1567,1844868053,,False
MBR-000300,1952-01-06,73,F,Non-Hispanic White,30340,False,0.8285,1499072778,,False
MBR-000301,1946-12-22,79,F,Non-Hispanic White,30302,True,1.4249,1182922322,,False
MBR-000302,1956-01-03,69,M,Hispanic,30309,False,1.5288,1899100857,,False
MBR-000303,1950-12-17,75,F,Non-Hispanic White,30304,False,0.7444,1899100857,,False
MBR-000304,1953-09-10,72,F,Non-Hispanic White,30318,False,0.6001,1505413597,,False
MBR-000305,1953-02-11,72,M,Non-Hispanic White,30350,True,3.2181,1505413597,,False
MBR-000306,1955-11-27,70,M,Non-Hispanic White,30306,False,0.9187,1973628220,,False
MBR-000307,1953-02-17,72,F,Non-Hispanic White,30305,False,1.1561,1161128001,,False
MBR-000308,1948-02-18,77,M,Non-Hispanic White,30332,False,1.0513,1872462163,,False
MBR-000309,1951-07-10,74,F,Non-Hispanic White,30304,False,1.5717,1501118737,,False
MBR-000310,1946-04-11,79,F,Non-Hispanic White,30346,False,2.7207,1182922322,,False
MBR-000311,1948-04-20,77,F,Non-Hispanic White,30022,False,1.6058,1844868053,,False
MBR-000312,1951-03-02,74,M,Hispanic,30349,False,0.642,1973628220,,False
MBR-000313,1946-08-07,79,M,Non-Hispanic Black,30342,False,0.6997,1844868053,,False
MBR-000314,1951-01-17,74,M,Non-Hispanic White,30329,True,1.2565,1304514849,,False
MBR-000315,1950-03-18,75,M,Non-Hispanic White,30350,False,1.1036,1844868053,,False
MBR-000316,1953-07-03,72,F,Non-Hispanic White,30302,False,0.5809,1349083724,,False
MBR-000317,1952-06-23,73,F,Non-Hispanic Black,30302,False,1.767,1248706171,,False
MBR-000318,1954-09-16,71,M,Non-Hispanic White,30329,True,0.9123,1844868053,,False
MBR-000319,1949-03-07,76,M,Non-Hispanic White,30302,False,2.3937,1844868053,,False
MBR-000320,1955-08-22,70,F,Non-Hispanic White,30354,True,2.951,1599126307,,False
MBR-000321,1950-10-28,75,M,Non-Hispanic Black,30319,False,1.1132,1182922322,,True
MBR-000322,1953-05-12,72,F,Non-Hispanic White,30024,False,1.4901,1304514849,,False
MBR-000323,1948-04-08,77,M,Non-Hispanic White,30307,False,0.7373,1973628220,,False
MBR-000324,1950-07-09,75,F,Other/Unknown,30327,False,1.6288,1419073370,,False
MBR-000325,1945-07-17,80,M,Non-Hispanic White,30342,False,1.019,1844868053,,False
MBR-000326,1950-02-02,75,F,Non-Hispanic Black,30304,False,0.7757,1419073370,,False
MBR-000327,1956-07-14,69,M,Non-Hispanic White,30331,True,1.1754,1679478607,,False
MBR-000328,1953-02-01,72,F,Non-Hispanic White,30331,False,1.0011,1872462163,,False
MBR-000329,1955-07-02,70,M,Hispanic,30005,False,1.0567,1844868053,,False
MBR-000330,1954-12-13,71,M,Non-Hispanic White,30346,False,1.8638,1349083724,,False
MBR-000331,1947-07-21,78,F,Non-Hispanic White,30310,False,0.8948,1419073370,,False
MBR-000332,1951-10-25,74,M,Non-Hispanic White,30324,False,2.6558,1501118737,,False
MBR-000333,1954-04-03,71,M,Non-Hispanic White,30329,False,0.685,1844868053,,False
MBR-000334,1955-12-07,70,M,Non-Hispanic White,30302,True,2.7437,1872462163,,False
MBR-000335,1952-10-12,73,M,Non-Hispanic White,30332,True,1.0233,1248706171,,False
MBR-000336,1955-12-17,70,M,Non-Hispanic White,30302,False,1.2195,1599126307,,False
MBR-000337,1954-09-28,71,F,Non-Hispanic White,30303,False,0.9865,1499072778,,False
MBR-000338,1952-08-20,73,M,Non-Hispanic White,30327,True,1.1807,1501118737,,False
MBR-000339,1949-07-16,76,F,Non-Hispanic White,30304,True,1.895,1973628220,,False
MBR-000340,1951-12-02,74,F,Non-Hispanic White,30319,True,2.5693,1501118737,,False
MBR-000341,1957-11-03,68,M,Non-Hispanic White,30307,False,2.0624,1304514849,,False
MBR-000342,1952-06-05,73,F,Hispanic,30340,False,1.0321,1679478607,,False
MBR-000343,1952-02-19,73,F,Non-Hispanic White,30310,True,1.4505,1844868053,,False
MBR-000344,1951-01-10,74,F,Non-Hispanic White,30340,False,0.88,1501118737,,False
MBR-000345,1946-03-07,79,M,Non-Hispanic White,30304,False,0.8241,1499072778,,False
MBR-000346,1957-01-19,68,M,Non-Hispanic Black,30334,False,0.7284,1499072778,,False
MBR-000347,1954-03-23,71,M,Non-Hispanic White,30302,False,1.0095,1499072778,,False
MBR-000348,1951-02-13,74,F,Non-Hispanic White,30301,False,1.3786,1161128001,,False
MBR-000349,1956-12-25,69,F,Non-Hispanic White,30331,False,0.5236,1161128001,,False
MBR-000350,1947-02-21,78,F,Non-Hispanic White,30340,False,1.2272,1782278965,,False
MBR-000351,1951-08-21,74,M,Non-Hispanic White,30024,True,2.5474,1499072778,,False
MBR-000352,1950-05-25,75,F,Other/Unknown,30305,False,2.0281,1782278965,,False
MBR-000353,1954-03-06,71,M,Non-Hispanic White,30309,True,1.212,1844868053,,False
MBR-000354,1950-09-22,75,F,Non-Hispanic White,30342,False,0.68,1499072778,,False
MBR-000355,1949-12-27,76,M,Non-Hispanic White,30319,True,1.6923,1599126307,2025-07-29,False
MBR-000356,1952-10-28,73,F,Non-Hispanic White,30310,False,0.5,1349083724,,False
MBR-000357,1952-12-17,73,F,Non-Hispanic White,30350,False,2.0096,1157435530,,False
MBR-000358,1952-08-22,73,M,Non-Hispanic White,30334,False,1.122,1501118737,,False
MBR-000359,1955-09-25,70,M,Non-Hispanic White,30326,False,2.7558,1349083724,,False
MBR-000360,1953-02-24,72,F,Non-Hispanic White,30305,True,0.8598,1844868053,,False
MBR-000361,1953-11-26,72,M,Other/Unknown,30328,False,1.8419,1248706171,,False
MBR-000362,1951-09-24,74,F,Non-Hispanic White,30305,True,1.4599,1248706171,,False
MBR-000363,1949-04-11,76,F,Non-Hispanic White,30342,False,1.0779,1679478607,,False
MBR-000364,1955-05-21,70,F,Non-Hispanic White,30304,False,0.6678,1248706171,,False
MBR-000365,1953-08-12,72,M,Non-Hispanic White,30349,True,1.7826,1182922322,,False
MBR-000366,1947-01-23,78,M,Non-Hispanic White,30340,False,1.6787,1844868053,,False
MBR-000367,1954-10-23,71,M,Non-Hispanic Black,30344,True,2.8824,1782278965,,False
MBR-000368,1955-04-27,70,F,Non-Hispanic White,30303,True,2.1715,1668497958,,False
MBR-000369,1952-01-17,73,M,Hispanic,30301,False,0.9506,1304514849,2025-05-03,True
MBR-000370,1950-04-14,75,M,Non-Hispanic Black,30319,False,0.8038,1505413597,2025-08-07,False
MBR-000371,1952-11-05,73,M,Non-Hispanic White,30327,False,0.6802,1349083724,,False
MBR-000372,1948-04-18,77,F,Non-Hispanic White,30004,False,2.3766,1899100857,,False
MBR-000373,1950-07-16,75,M,Non-Hispanic White,30304,False,0.8855,1501118737,,False
MBR-000374,1950-10-15,75,F,Non-Hispanic White,30346,False,2.376,1349083724,,False
MBR-000375,1951-01-19,74,F,Asian/Pacific Islander,30309,True,1.7944,1973628220,,False
MBR-000376,1942-10-24,83,F,Non-Hispanic White,30301,False,1.4641,1844868053,,False
MBR-000377,1953-04-05,72,F,American Indian/Alaska Native,30305,True,1.2847,1973628220,,False
MBR-000378,1957-09-13,68,F,Non-Hispanic White,30341,False,1.6275,1499072778,,False
MBR-000379,1946-03-21,79,F,Non-Hispanic White,30305,False,1.2477,1599126307,,False
MBR-000380,1954-02-23,71,M,Non-Hispanic White,30305,False,1.0403,1499072778,,False
MBR-000381,1952-10-22,73,F,Non-Hispanic White,30350,False,1.6734,1462172927,,False
MBR-000382,1948-10-23,77,F,Non-Hispanic White,30327,False,1.1727,1501118737,,False
MBR-000383,1956-12-24,69,F,Non-Hispanic White,30310,False,0.8538,1782278965,,False
MBR-000384,1955-09-27,70,F,Non-Hispanic White,30302,False,1.5918,1248706171,,False
MBR-000385,1956-06-18,69,F,Asian/Pacific Islander,30318,False,1.1819,1349083724,,False
MBR-000386,1954-03-07,71,F,Non-Hispanic White,30301,False,1.5193,1248706171,2025-04-05,False
MBR-000387,1951-04-16,74,M,Non-Hispanic White,30304,True,1.1869,1248706171,,False
MBR-000388,1951-08-20,74,M,Non-Hispanic White,30319,False,0.7324,1973628220,,False
MBR-000389,1952-05-03,73,M,Non-Hispanic White,30301,False,2.6518,1248706171,,False
MBR-000390,1956-06-22,69,M,Hispanic,30324,False,2.4228,1419073370,,False
MBR-000391,1957-03-16,68,M,Non-Hispanic White,30310,True,1.9483,1599126307,,False
MBR-000392,1952-06-27,73,M,Non-Hispanic White,30309,False,1.0398,1501118737,,False
MBR-000393,1954-03-06,71,M,Non-Hispanic White,30301,False,1.0723,1462172927,,False
MBR-000394,1951-02-26,74,F,Non-Hispanic White,30310,False,2.2713,1844868053,,False
MBR-000395,1950-02-13,75,M,Non-Hispanic White,30303,True,1.3442,1973628220,,False
MBR-000396,1952-07-17,73,F,Non-Hispanic Black,30305,False,0.9347,1505413597,,False
MBR-000397,1950-05-19,75,F,Non-Hispanic White,30005,False,2.8266,1499072778,,False
MBR-000398,1952-02-17,73,M,Non-Hispanic White,30345,False,1.2065,1872462163,,False
MBR-000399,1951-07-26,74,M,Non-Hispanic White,30308,False,2.6954,1844868053,,False
MBR-000400,1954-02-05,71,M,Non-Hispanic White,30331,False,0.6636,1501118737,,False
MBR-000401,1953-01-21,72,F,Asian/Pacific Islander,30328,False,1.5431,1973628220,,False
MBR-000402,1952-02-28,73,M,Non-Hispanic White,30349,False,3.0795,1844868053,,False
MBR-000403,1950-06-07,75,F,Non-Hispanic White,30308,False,1.2562,1501118737,,False
MBR-000404,1954-12-08,71,F,Non-Hispanic White,30302,False,1.0896,1248706171,,False
MBR-000405,1951-03-14,74,F,Non-Hispanic White,30304,False,0.7455,1973628220,,False
MBR-000406,1953-04-21,72,M,Other/Unknown,30302,False,1.981,1182922322,,False
MBR-000407,1953-03-27,72,M,Non-Hispanic White,30308,False,0.8765,1349083724,,False
MBR-000408,1950-05-23,75,M,Non-Hispanic White,30345,True,1.4281,1462172927,,False
MBR-000409,1957-09-23,68,M,Non-Hispanic White,30022,False,0.7005,1679478607,,False
MBR-000410,1955-04-13,70,M,Non-Hispanic White,30306,True,2.5701,1782278965,,False
MBR-000411,1956-08-19,69,F,Non-Hispanic White,30324,False,2.0338,1499072778,,False
MBR-000412,1957-11-06,68,F,Non-Hispanic White,30302,True,1.3971,1668497958,,False
MBR-000413,1954-12-13,71,F,Non-Hispanic White,30334,False,0.7379,1782278965,,False
MBR-000414,1950-07-06,75,F,Non-Hispanic White,30324,False,2.4352,1462172927,,False
MBR-000415,1953-09-01,72,M,Non-Hispanic White,30302,False,1.0458,1844868053,,False
MBR-000416,1952-12-24,73,F,Non-Hispanic White,30344,False,0.7618,1248706171,,False
MBR-000417,1949-10-23,76,F,Non-Hispanic White,30024,False,0.587,1973628220,,False
MBR-000418,1948-04-15,77,F,Non-Hispanic White,30324,False,0.9453,1599126307,,False
MBR-000419,1953-02-01,72,F,Non-Hispanic Black,30334,True,0.7544,1501118737,,False
MBR-000420,1948-02-03,77,M,Non-Hispanic White,30327,False,0.9547,1973628220,,False
MBR-000421,1952-11-04,73,M,Non-Hispanic White,30309,False,1.7095,1248706171,,False
MBR-000422,1955-07-21,70,M,Non-Hispanic White,30307,False,1.0335,1844868053,,False
MBR-000423,1954-04-06,71,M,Non-Hispanic White,30318,True,1.724,1782278965,,False
MBR-000424,1956-05-08,69,F,Non-Hispanic White,30306,False,0.8826,1973628220,,False
MBR-000425,1955-04-25,70,M,Non-Hispanic White,30345,False,1.2557,1899100857,,False
MBR-000426,1953-10-25,72,F,Hispanic,30324,True,3.056,1501118737,,False
MBR-000427,1950-08-22,75,F,Non-Hispanic White,30328,True,1.3451,1501118737,,False
MBR-000428,1946-11-09,79,M,Non-Hispanic White,30302,False,1.4826,1349083724,,False
MBR-000429,1956-04-17,69,M,Non-Hispanic White,30022,False,0.6092,1782278965,,False
MBR-000430,1951-06-06,74,F,Non-Hispanic White,30309,False,2.4143,1349083724,,False
MBR-000431,1955-02-25,70,F,Non-Hispanic White,30301,False,0.9881,1161128001,,False
MBR-000432,1951-12-03,74,M,Non-Hispanic Black,30305,False,1.9613,1973628220,,False
MBR-000433,1953-07-21,72,M,Non-Hispanic White,30329,False,1.1633,1679478607,,False
MBR-000434,1956-07-15,69,F,Non-Hispanic White,30004,False,1.5962,1499072778,,False
MBR-000435,1949-05-22,76,M,Non-Hispanic White,30304,False,1.667,1161128001,,True
MBR-000436,1954-04-13,71,F,Non-Hispanic White,30005,False,1.0029,1501118737,,False
MBR-000437,1954-12-05,71,M,Hispanic,30301,True,2.2743,1844868053,,False
MBR-000438,1955-06-22,70,M,Non-Hispanic White,30332,False,0.8728,1973628220,,False
MBR-000439,1954-09-18,71,F,Non-Hispanic White,30305,False,1.727,1844868053,,False
MBR-000440,1951-01-14,74,F,Non-Hispanic White,30331,False,1.0428,1599126307,,False
MBR-000441,1953-04-11,72,F,Non-Hispanic White,30328,False,1.4324,1973628220,,False
MBR-000442,1952-10-10,73,M,Non-Hispanic White,30332,False,1.0067,1668497958,,False
MBR-000443,1951-02-14,74,F,Non-Hispanic White,30310,False,1.2633,1872462163,,False
MBR-000444,1948-02-08,77,M,Non-Hispanic White,30349,True,0.9343,1499072778,,False
MBR-000445,1953-10-08,72,M,Asian/Pacific Islander,30005,False,1.3694,1499072778,2025-09-08,False
MBR-000446,1956-04-08,69,M,Non-Hispanic White,30327,False,1.2401,1499072778,,False
MBR-000447,1949-04-01,76,M,Non-Hispanic White,30332,False,0.9851,1872462163,,False
MBR-000448,1953-07-26,72,F,Non-Hispanic White,30345,False,1.1986,1248706171,,False
MBR-000449,1949-03-07,76,M,Non-Hispanic White,30306,False,1.3186,1899100857,,False
MBR-000450,1951-01-05,74,F,Non-Hispanic Black,30341,False,0.9453,1499072778,,False
MBR-000451,1953-01-05,72,M,Non-Hispanic White,30310,False,1.1604,1599126307,,False
MBR-000452,1951-01-28,74,F,Non-Hispanic Black,30349,True,1.0083,1844868053,,False
MBR-000453,1945-02-14,80,M,Non-Hispanic Black,30304,False,3.5084,1501118737,,False
MBR-000454,1944-09-10,81,F,Non-Hispanic White,30306,False,1.9967,1844868053,,False
MBR-000455,1952-04-12,73,M,Non-Hispanic White,30327,False,1.3889,1499072778,2025-04-17,False
MBR-000456,1952-01-03,73,M,Asian/Pacific Islander,30319,True,2.3587,1248706171,,False
MBR-000457,1949-01-09,76,F,Non-Hispanic White,30354,False,0.5365,1501118737,,False
MBR-000458,1955-06-07,70,F,Non-Hispanic White,30024,False,0.5,1161128001,,False
MBR-000459,1952-11-23,73,F,Hispanic,30309,False,1.0346,1973628220,,False
MBR-000460,1953-05-02,72,M,Hispanic,30304,False,0.6733,1501118737,,False
MBR-000461,1952-01-12,73,F,Non-Hispanic White,30303,False,1.1108,1248706171,2025-08-16,False
MBR-000462,1955-03-23,70,F,Non-Hispanic White,30318,False,1.3364,1501118737,,False
MBR-000463,1956-06-24,69,F,Non-Hispanic White,30331,False,1.8318,1462172927,,False
MBR-000464,1957-03-15,68,M,Non-Hispanic Black,30344,False,0.731,1182922322,,True
MBR-000465,1955-12-07,70,F,Non-Hispanic White,30354,False,1.4564,1973628220,,False
MBR-000466,1954-10-10,71,F,Non-Hispanic White,30309,False,1.2318,1501118737,,False
MBR-000467,1953-05-07,72,F,Non-Hispanic White,30319,True,1.5838,1349083724,,False
MBR-000468,1945-12-19,80,M,Asian/Pacific Islander,30334,False,1.0097,1161128001,,False
MBR-000469,1949-04-09,76,M,Non-Hispanic Black,30319,True,2.4627,1505413597,,False
MBR-000470,1955-02-18,70,F,Non-Hispanic White,30305,True,1.3144,1248706171,,False
MBR-000471,1951-12-19,74,F,Non-Hispanic White,30305,False,2.7023,1872462163,,False
MBR-000472,1954-12-27,71,F,Asian/Pacific Islander,30334,False,0.8648,1248706171,,False
MBR-000473,1953-04-11,72,M,Asian/Pacific Islander,30307,False,1.7043,1248706171,,False
MBR-000474,1952-08-27,73,M,Non-Hispanic White,30354,False,1.2002,1872462163,,False
MBR-000475,1951-03-12,74,F,Non-Hispanic White,30306,False,1.0715,1304514849,,False
MBR-000476,1953-08-20,72,M,Non-Hispanic White,30332,False,1.623,1899100857,,False
MBR-000477,1949-09-19,76,M,Non-Hispanic White,30332,False,1.0928,1248706171,,False
MBR-000478,1955-09-23,70,F,Non-Hispanic White,30354,True,0.5951,1248706171,,False
MBR-000479,1952-07-14,73,F,Non-Hispanic White,30305,False,0.5,1304514849,,True
MBR-000480,1941-09-23,84,F,Non-Hispanic White,30304,True,2.3036,1499072778,,False
MBR-000481,1952-07-10,73,M,Non-Hispanic Black,30310,True,2.3927,1973628220,,False
MBR-000482,1947-10-14,78,M,Non-Hispanic White,30331,True,3.0435,1248706171,,False
MBR-000483,1952-03-14,73,F,Non-Hispanic White,30310,False,1.2226,1462172927,,False
MBR-000484,1951-06-20,74,M,Non-Hispanic White,30346,False,0.7067,1157435530,,False
MBR-000485,1953-05-18,72,M,Non-Hispanic White,30310,False,1.0215,1349083724,,False
MBR-000486,1953-07-03,72,M,Non-Hispanic White,30308,False,1.2342,1872462163,,False
MBR-000487,1954-02-23,71,F,Non-Hispanic White,30331,False,0.7867,1499072778,,False
MBR-000488,1951-04-22,74,F,Non-Hispanic White,30341,True,2.8239,1304514849,,False
MBR-000489,1955-12-03,70,F,Non-Hispanic White,30346,False,3.3074,1679478607,,False
MBR-000490,1950-02-27,75,F,Hispanic,30350,False,1.5282,1499072778,,False
MBR-000491,1949-08-19,76,M,Non-Hispanic White,30331,False,1.2381,1599126307,,False
MBR-000492,1951-08-03,74,M,Hispanic,30360,True,0.9491,1973628220,,False
MBR-000493,1953-06-14,72,M,Hispanic,30326,True,2.7302,1349083724,,False
MBR-000494,1951-01-24,74,M,Non-Hispanic Black,30304,False,1.2779,1349083724,,True
MBR-000495,1953-01-08,72,M,Non-Hispanic White,30334,True,1.32,1248706171,,False
MBR-000496,1949-04-27,76,M,Non-Hispanic White,30360,False,1.5341,1668497958,,False
MBR-000497,1956-02-12,69,M,Non-Hispanic White,30302,False,0.938,1248706171,,True
MBR-000498,1953-02-07,72,F,Non-Hispanic White,30326,True,1.5918,1304514849,,False
MBR-000499,1957-02-10,68,F,Non-Hispanic White,30334,True,0.8796,1304514849,,False
MBR-000500,1956-03-15,69,M,Asian/Pacific Islander,30319,False,1.9732,1248706171,,False
MBR-000501,1948-11-20,77,M,Non-Hispanic White,30308,False,1.1929,1844868053,,False
MBR-000502,1950-08-26,75,F,Non-Hispanic Black,30319,False,2.0614,1844868053,,False
MBR-000503,1954-01-06,71,F,Non-Hispanic White,30341,False,1.1202,1668497958,,False
MBR-000504,1956-08-27,69,F,Non-Hispanic White,30308,False,1.1447,1501118737,,False
MBR-000505,1958-02-15,67,M,Non-Hispanic White,30307,False,0.7034,1899100857,,False
MBR-000506,1954-06-04,71,F,Non-Hispanic White,30306,False,1.7131,1349083724,,False
MBR-000507,1942-01-26,83,M,Non-Hispanic White,30309,True,1.0277,1349083724,,False
MBR-000508,1951-02-10,74,M,Non-Hispanic White,30005,False,1.0001,1782278965,,False
MBR-000509,1954-02-18,71,M,Non-Hispanic White,30328,False,1.2246,1419073370,,False
MBR-000510,1951-06-20,74,M,Non-Hispanic White,30307,False,1.3033,1782278965,,False
MBR-000511,1956-06-01,69,M,Non-Hispanic White,30308,False,0.5729,1505413597,,False
MBR-000512,1953-05-07,72,M,Asian/Pacific Islander,30005,False,1.1096,1844868053,,False
MBR-000513,1952-08-20,73,F,Non-Hispanic White,30307,True,1.9309,1973628220,,False
MBR-000514,1953-09-10,72,M,Non-Hispanic White,30345,False,1.0401,1844868053,,False
MBR-000515,1950-09-01,75,M,Non-Hispanic White,30306,False,1.1246,1501118737,,False
MBR-000516,1951-07-01,74,M,Non-Hispanic White,30309,False,1.327,1872462163,,False
MBR-000517,1950-07-24,75,M,Non-Hispanic White,30326,False,1.1739,1349083724,,False
MBR-000518,1954-06-05,71,M,Non-Hispanic White,30307,False,0.7787,1349083724,,False
MBR-000519,1950-03-03,75,M,Asian/Pacific Islander,30334,False,1.2205,1844868053,2025-08-27,False
MBR-000520,1946-06-16,79,M,Non-Hispanic White,30308,True,2.2299,1973628220,,False
MBR-000521,1955-01-04,70,F,Non-Hispanic White,30360,True,0.9655,1499072778,,False
MBR-000522,1955-12-19,70,F,Non-Hispanic White,30346,True,1.1357,1248706171,,False
MBR-000523,1948-05-16,77,F,Non-Hispanic White,30342,False,0.6924,1248706171,,False
MBR-000524,1953-10-19,72,F,Non-Hispanic White,30310,False,1.861,1973628220,,False
MBR-000525,1947-12-14,78,F,Non-Hispanic White,30349,False,1.2031,1501118737,,True
MBR-000526,1954-06-22,71,F,Non-Hispanic White,30005,False,0.8425,1501118737,,False
MBR-000527,1947-11-19,78,F,Non-Hispanic White,30304,False,1.3029,1973628220,,False
MBR-000528,1952-06-12,73,F,Non-Hispanic White,30303,True,0.8455,1872462163,,False
MBR-000529,1952-02-01,73,F,Non-Hispanic White,30354,False,0.7857,1973628220,,False
MBR-000530,1947-01-08,78,F,Non-Hispanic White,30301,False,0.674,1501118737,,False
MBR-000531,1953-02-04,72,M,Non-Hispanic White,30331,False,0.7705,1182922322,2025-05-04,False
MBR-000532,1955-12-01,70,M,Non-Hispanic White,30346,False,2.2303,1248706171,,False
MBR-000533,1954-06-08,71,M,Non-Hispanic White,30301,False,0.8868,1599126307,,False
MBR-000534,1951-04-06,74,M,Non-Hispanic White,30329,False,1.5161,1248706171,,False
MBR-000535,1956-06-03,69,F,Other/Unknown,30331,True,0.9601,1499072778,,False
MBR-000536,1951-04-09,74,M,Non-Hispanic White,30308,False,1.725,1419073370,,False
MBR-000537,1954-11-15,71,F,Non-Hispanic White,30346,True,0.8932,1844868053,,False
MBR-000538,1949-12-05,76,F,Non-Hispanic White,30304,True,1.4183,1248706171,,False
MBR-000539,1957-02-08,68,F,Non-Hispanic Black,30302,True,1.5389,1679478607,,False
MBR-000540,1954-09-01,71,M,Non-Hispanic White,30340,False,3.4447,1782278965,,False
MBR-000541,1956-05-02,69,M,Non-Hispanic White,30304,False,1.6096,1349083724,,False
MBR-000542,1955-01-05,70,F,Non-Hispanic White,30349,False,0.939,1248706171,,False
MBR-000543,1952-12-13,73,F,Non-Hispanic Black,30301,False,1.6653,1899100857,,False
MBR-000544,1953-01-19,72,F,Non-Hispanic White,30334,True,3.3593,1499072778,,False
MBR-000545,1953-03-23,72,F,Hispanic,30306,False,0.6044,1844868053,2025-07-11,False
MBR-000546,1953-01-18,72,F,Non-Hispanic White,30324,True,0.9892,1501118737,,False
MBR-000547,1952-06-18,73,M,Non-Hispanic Black,30360,True,1.2466,1304514849,,False
MBR-000548,1955-08-27,70,M,Non-Hispanic White,30341,False,1.0146,1248706171,,False
MBR-000549,1950-04-08,75,M,Non-Hispanic White,30024,True,1.3183,1499072778,,False
MBR-000550,1950-01-23,75,F,Non-Hispanic White,30324,True,0.9471,1782278965,,False
MBR-000551,1951-02-27,74,F,Non-Hispanic White,30344,False,2.2931,1182922322,2025-02-04,False
MBR-000552,1951-12-16,74,M,Non-Hispanic White,30327,False,0.6686,1844868053,,False
MBR-000553,1952-10-24,73,F,Non-Hispanic White,30024,False,1.1286,1872462163,,False
MBR-000554,1944-12-04,81,M,Non-Hispanic White,30324,False,1.9852,1499072778,,False
MBR-000555,1953-07-25,72,M,Non-Hispanic White,30360,False,1.2118,1872462163,,False
MBR-000556,1953-07-16,72,M,Non-Hispanic White,30304,True,0.9595,1872462163,,False
MBR-000557,1954-10-07,71,M,Hispanic,30324,True,0.8301,1349083724,,False
MBR-000558,1955-08-02,70,F,Non-Hispanic White,30349,False,1.102,1501118737,,False
MBR-000559,1955-06-21,70,M,Non-Hispanic White,30307,False,0.8736,1349083724,,False
MBR-000560,1955-04-13,70,F,Non-Hispanic White,30304,False,1.3361,1501118737,,False
MBR-000561,1953-06-09,72,F,Hispanic,30004,False,0.6667,1844868053,,False
MBR-000562,1952-01-11,73,M,Non-Hispanic White,30326,True,1.9786,1499072778,,False
MBR-000563,1952-03-28,73,M,Non-Hispanic White,30306,False,1.296,1304514849,,False
MBR-000564,1954-09-12,71,F,Asian/Pacific Islander,30301,False,1.331,1844868053,,False
MBR-000565,1950-11-03,75,M,Asian/Pacific Islander,30301,True,2.5802,1899100857,,False
MBR-000566,1950-02-08,75,F,Non-Hispanic White,30334,False,1.0254,1973628220,,False
MBR-000567,1953-02-05,72,M,Non-Hispanic White,30004,True,1.1094,1248706171,,False
MBR-000568,1954-02-20,71,F,Non-Hispanic White,30009,False,0.9618,1248706171,,False
MBR-000569,1951-10-23,74,F,Non-Hispanic White,30331,False,1.1364,1157435530,,True
MBR-000570,1952-04-24,73,M,Non-Hispanic White,30326,False,1.1839,1844868053,,False
MBR-000571,1956-04-18,69,M,Non-Hispanic White,30305,False,0.8417,1248706171,,False
MBR-000572,1953-01-22,72,F,Non-Hispanic White,30340,False,0.5108,1499072778,,False
MBR-000573,1952-12-12,73,M,Non-Hispanic White,30308,True,1.204,1419073370,,True
MBR-000574,1955-06-18,70,M,Non-Hispanic White,30307,False,1.4309,1899100857,,False
MBR-000575,1952-10-03,73,M,Non-Hispanic White,30024,False,1.3079,1505413597,,False
MBR-000576,1956-09-16,69,M,Hispanic,30354,True,2.3047,1248706171,,False
MBR-000577,1948-02-16,77,F,Non-Hispanic Black,30304,False,2.941,1679478607,,False
MBR-000578,1948-10-01,77,F,Non-Hispanic White,30318,False,1.7368,1499072778,,False
MBR-000579,1953-07-16,72,M,Non-Hispanic Black,30326,False,2.2635,1973628220,,False
MBR-000580,1951-08-21,74,F,Non-Hispanic White,30302,False,1.7305,1501118737,,False
MBR-000581,1957-03-11,68,M,Non-Hispanic White,30306,False,2.6023,1349083724,,False
MBR-000582,1955-11-16,70,M,Non-Hispanic White,30302,False,2.7799,1349083724,,False
MBR-000583,1953-12-09,72,F,Hispanic,30334,True,1.9779,1161128001,,False
MBR-000584,1955-05-08,70,F,Non-Hispanic Black,30329,False,1.669,1462172927,,False
MBR-000585,1950-02-04,75,M,Hispanic,30324,True,1.2988,1844868053,,False
MBR-000586,1944-11-10,81,M,Hispanic,30310,True,1.3984,1499072778,,False
MBR-000587,1955-11-23,70,F,Asian/Pacific Islander,30022,False,1.0508,1844868053,,False
MBR-000588,1955-07-27,70,F,Non-Hispanic White,30327,False,1.6071,1590886206,,True
MBR-000589,1952-07-18,73,M,Asian/Pacific Islander,30341,False,0.8998,1161128001,,False
MBR-000590,1946-03-18,79,M,Non-Hispanic White,30304,True,1.3781,1501118737,,False
MBR-000591,1955-01-18,70,F,Non-Hispanic White,30328,False,0.5,1419073370,,False
MBR-000592,1952-12-14,73,M,Non-Hispanic White,30350,False,2.6377,1248706171,,False
MBR-000593,1945-06-12,80,M,Non-Hispanic White,30303,True,1.2879,1161128001,,False
MBR-000594,1956-04-18,69,M,Non-Hispanic White,30308,False,1.489,1248706171,,False
MBR-000595,1955-09-22,70,M,Non-Hispanic White,30303,True,2.451,1844868053,,False
MBR-000596,1954-01-12,71,M,Non-Hispanic White,30303,False,1.3976,1599126307,,False
MBR-000597,1954-01-16,71,F,Non-Hispanic White,30327,False,2.3225,1349083724,,False
MBR-000598,1950-03-14,75,F,Hispanic,30302,False,0.7263,1182922322,,False
MBR-000599,1952-06-08,73,F,Non-Hispanic White,30305,False,3.5614,1349083724,2025-05-23,False
MBR-000600,1956-05-09,69,F,Non-Hispanic White,30326,False,1.9732,1499072778,,False
MBR-000601,1951-03-03,74,M,Non-Hispanic White,30303,False,1.3545,1248706171,,False
MBR-000602,1954-05-13,71,M,Non-Hispanic White,30308,False,2.3027,1182922322,,False
MBR-000603,1948-05-20,77,F,Non-Hispanic White,30326,True,0.9002,1599126307,,False
MBR-000604,1954-07-20,71,M,Non-Hispanic Black,30307,True,1.2261,1349083724,,False
MBR-000605,1954-07-28,71,F,Non-Hispanic White,30308,False,2.3224,1499072778,,False
MBR-000606,1951-11-02,74,F,Non-Hispanic White,30307,True,0.7323,1501118737,,False
MBR-000607,1950-10-22,75,M,Non-Hispanic White,30303,True,1.7948,1844868053,,False
MBR-000608,1951-04-23,74,M,Non-Hispanic White,30332,True,1.7072,1872462163,,False
MBR-000609,1956-11-13,69,M,Hispanic,30303,False,2.9269,1679478607,,False
MBR-000610,1951-07-08,74,M,Non-Hispanic White,30303,False,0.6246,1973628220,,False
MBR-000611,1955-03-10,70,M,Hispanic,30024,False,2.496,1248706171,,False
MBR-000612,1952-05-20,73,M,Non-Hispanic White,30005,False,0.9649,1844868053,,False
MBR-000613,1956-09-25,69,F,Non-Hispanic Black,30307,False,0.9973,1182922322,,False
MBR-000614,1951-10-18,74,F,Non-Hispanic White,30301,False,0.7284,1419073370,,False
MBR-000615,1954-05-15,71,F,Non-Hispanic Black,30329,False,0.7595,1501118737,2025-04-18,False
MBR-000616,1955-02-19,70,M,Other/Unknown,30354,False,1.4589,1844868053,,False
MBR-000617,1950-03-02,75,M,Non-Hispanic White,30350,False,0.7674,1499072778,2025-10-01,False
MBR-000618,1952-02-18,73,M,Non-Hispanic Black,30306,False,1.7064,1499072778,,False
MBR-000619,1954-09-02,71,M,Non-Hispanic White,30309,False,0.9145,1679478607,,False
MBR-000620,1947-07-27,78,F,Non-Hispanic White,30324,False,0.7472,1419073370,,False
MBR-000621,1954-06-25,71,M,Hispanic,30344,True,1.249,1501118737,,False
MBR-000622,1952-09-15,73,M,Non-Hispanic White,30340,False,1.4283,1501118737,2025-09-26,False
MBR-000623,1952-10-11,73,F,Non-Hispanic White,30307,True,1.3055,1161128001,,False
MBR-000624,1954-10-21,71,M,Non-Hispanic White,30331,True,1.4505,1499072778,,False
MBR-000625,1951-02-18,74,M,Non-Hispanic White,30308,False,1.6775,1501118737,,False
MBR-000626,1954-08-20,71,M,Non-Hispanic Black,30331,False,1.9771,1157435530,,False
MBR-000627,1954-11-15,71,F,Non-Hispanic White,30004,False,1.0677,1157435530,,False
MBR-000628,1948-10-07,77,F,Non-Hispanic White,30329,False,0.7981,1248706171,,False
MBR-000629,1955-04-03,70,M,Non-Hispanic White,30308,False,1.2618,1499072778,,False
MBR-000630,1957-05-08,68,F,Non-Hispanic White,30324,False,1.4951,1973628220,,False
MBR-000631,1946-11-15,79,F,Non-Hispanic Black,30327,False,0.6779,1501118737,,False
MBR-000632,1941-01-12,84,F,Hispanic,30360,False,0.8798,1161128001,,False
MBR-000633,1954-07-15,71,M,Non-Hispanic White,30305,False,0.8922,1161128001,,False
MBR-000634,1956-02-08,69,M,Non-Hispanic White,30350,False,1.1089,1844868053,,False
MBR-000635,1953-11-27,72,F,Non-Hispanic White,30306,False,0.88,1499072778,,False
MBR-000636,1953-01-11,72,M,Non-Hispanic White,30307,False,1.6775,1161128001,,False
MBR-000637,1953-01-24,72,F,Non-Hispanic White,30307,False,0.6108,1248706171,,False
MBR-000638,1955-04-11,70,F,Non-Hispanic White,30307,False,0.6095,1501118737,,False
MBR-000639,1951-03-13,74,M,Non-Hispanic White,30308,False,1.0686,1499072778,,False
MBR-000640,1951-06-17,74,F,Non-Hispanic White,30334,False,1.1448,1899100857,,False
MBR-000641,1956-04-08,69,F,Non-Hispanic White,30303,False,0.6396,1872462163,,False
MBR-000642,1950-05-07,75,F,Non-Hispanic White,30310,False,0.9533,1248706171,,False
MBR-000643,1944-07-11,81,M,Non-Hispanic Black,30307,False,1.0659,1161128001,,False
MBR-000644,1952-07-23,73,F,Non-Hispanic White,30306,False,1.0374,1501118737,,False
MBR-000645,1953-12-05,72,F,Non-Hispanic White,30344,False,1.3129,1599126307,,False
MBR-000646,1953-06-13,72,F,Non-Hispanic Black,30009,True,1.0234,1349083724,2025-08-13,False
MBR-000647,1951-07-19,74,F,Non-Hispanic Black,30307,False,2.3695,1679478607,,False
MBR-000648,1956-09-20,69,F,Non-Hispanic White,30344,False,1.5108,1182922322,,False
MBR-000649,1952-03-13,73,M,Non-Hispanic White,30342,False,0.8665,1844868053,,False
MBR-000650,1954-09-03,71,M,Non-Hispanic White,30024,True,1.4362,1248706171,,False
MBR-000651,1945-11-01,80,M,Non-Hispanic White,30305,False,1.3289,1349083724,,False
MBR-000652,1953-04-14,72,F,Non-Hispanic White,30307,False,2.1009,1872462163,,False
MBR-000653,1946-03-23,79,F,Non-Hispanic White,30318,False,0.9719,1248706171,,False
MBR-000654,1955-05-01,70,F,Non-Hispanic White,30340,False,1.7149,1973628220,,False
MBR-000655,1951-04-25,74,M,Non-Hispanic White,30354,False,1.2588,1182922322,,False
MBR-000656,1952-08-19,73,F,Asian/Pacific Islander,30319,False,2.3799,1872462163,,False
MBR-000657,1955-11-01,70,F,Non-Hispanic White,30308,True,2.4598,1782278965,,False
MBR-000658,1952-08-10,73,M,Hispanic,30360,True,1.5768,1161128001,,False
MBR-000659,1948-02-07,77,F,Other/Unknown,30345,False,1.1144,1973628220,,False
MBR-000660,1953-04-27,72,F,Hispanic,30309,True,1.6827,1304514849,,False
MBR-000661,1956-09-16,69,F,Non-Hispanic White,30327,False,1.1224,1668497958,,False
MBR-000662,1953-04-10,72,M,Non-Hispanic Black,30334,False,2.584,1973628220,,False
MBR-000663,1955-08-08,70,F,Non-Hispanic White,30324,True,1.4779,1844868053,,False
MBR-000664,1953-09-16,72,F,Non-Hispanic White,30327,False,1.0278,1157435530,,True
MBR-000665,1953-04-01,72,F,Hispanic,30344,False,1.0038,1501118737,,False
MBR-000666,1956-08-08,69,F,Non-Hispanic White,30022,False,0.7112,1499072778,,False
MBR-000667,1956-05-05,69,F,Non-Hispanic White,30318,False,1.5575,1782278965,,False
MBR-000668,1951-02-18,74,M,Non-Hispanic White,30309,False,0.8657,1973628220,,False
MBR-000669,1954-05-19,71,F,Non-Hispanic Black,30301,True,2.2751,1499072778,,False
MBR-000670,1957-06-14,68,M,Non-Hispanic White,30304,True,0.8362,1782278965,,False
MBR-000671,1950-01-04,75,F,Non-Hispanic White,30306,False,1.3107,1349083724,,False
MBR-000672,1952-11-11,73,M,Hispanic,30302,False,2.0456,1973628220,,False
MBR-000673,1954-07-24,71,M,Non-Hispanic White,30327,False,0.5,1501118737,,False
MBR-000674,1955-01-06,70,F,Non-Hispanic White,30310,True,3.2858,1973628220,,False
MBR-000675,1950-11-05,75,M,Non-Hispanic White,30309,False,1.031,1499072778,,False
MBR-000676,1951-11-04,74,F,American Indian/Alaska Native,30340,True,1.4608,1161128001,,False
MBR-000677,1942-01-23,83,M,Non-Hispanic White,30306,False,1.6239,1501118737,,False
MBR-000678,1951-02-04,74,F,Non-Hispanic White,30328,False,1.6998,1248706171,,False
MBR-000679,1951-05-17,74,F,Non-Hispanic White,30004,False,1.3934,1248706171,,False
MBR-000680,1953-07-28,72,M,Hispanic,30329,False,1.9078,1161128001,,True
MBR-000681,1950-09-18,75,F,Non-Hispanic White,30306,True,1.6778,1973628220,,False
MBR-000682,1951-06-12,74,M,Non-Hispanic White,30307,False,2.6864,1499072778,,False
MBR-000683,1948-08-06,77,F,Other/Unknown,30324,False,1.566,1899100857,,False
MBR-000684,1954-01-01,71,F,Non-Hispanic White,30324,True,3.1626,1501118737,,False
MBR-000685,1954-08-05,71,F,Non-Hispanic White,30308,False,1.824,1501118737,,False
MBR-000686,1954-11-27,71,M,Non-Hispanic White,30331,False,0.5565,1501118737,,False
MBR-000687,1950-07-05,75,M,Non-Hispanic Black,30319,False,3.9258,1349083724,,False
MBR-000688,1947-06-01,78,F,Non-Hispanic White,30303,False,0.9787,1505413597,,False
MBR-000689,1954-04-23,71,F,Non-Hispanic White,30328,True,2.549,1349083724,,False
MBR-000690,1954-12-12,71,F,Non-Hispanic White,30309,False,1.2386,1679478607,,True
MBR-000691,1952-01-10,73,M,Non-Hispanic White,30303,True,2.1,1248706171,,True
MBR-000692,1953-04-21,72,M,Non-Hispanic Black,30342,False,0.9083,1668497958,,False
MBR-000693,1949-02-15,76,F,Non-Hispanic White,30309,False,1.6343,1844868053,,False
MBR-000694,1957-11-26,68,M,Non-Hispanic White,30329,False,1.0828,1499072778,,False
MBR-000695,1955-06-14,70,M,Hispanic,30334,False,2.4621,1844868053,,False
MBR-000696,1954-12-20,71,F,Non-Hispanic White,30308,False,1.4859,1973628220,,False
MBR-000697,1957-08-25,68,M,Non-Hispanic White,30024,False,1.8405,1782278965,,False
MBR-000698,1955-07-13,70,F,Non-Hispanic White,30302,False,0.5,1499072778,,False
MBR-000699,1955-07-08,70,M,Non-Hispanic White,30303,False,1.1747,1499072778,,False
MBR-000700,1953-03-28,72,F,Non-Hispanic White,30005,False,1.4715,1844868053,,False
MBR-000701,1949-07-07,76,F,Non-Hispanic White,30340,True,1.5111,1499072778,,False
MBR-000702,1953-09-02,72,F,Non-Hispanic White,30331,False,1.8774,1501118737,,False
MBR-000703,1955-12-17,70,M,Non-Hispanic White,30307,False,1.0378,1248706171,,False
MBR-000704,1953-07-28,72,F,Non-Hispanic White,30301,False,1.2546,1499072778,,False
MBR-000705,1949-12-03,76,F,Non-Hispanic White,30319,False,2.0859,1161128001,,False
MBR-000706,1955-12-24,70,M,Non-Hispanic White,30302,False,0.5,1844868053,,False
MBR-000707,1955-07-24,70,M,Non-Hispanic Black,30305,True,1.7011,1182922322,,False
MBR-000708,1951-06-27,74,M,Non-Hispanic White,30345,True,1.3341,1248706171,,False
MBR-000709,1953-02-12,72,F,Non-Hispanic White,30303,False,0.8239,1679478607,,False
MBR-000710,1950-04-08,75,F,Non-Hispanic White,30310,True,1.6694,1349083724,,False
MBR-000711,1953-11-15,72,F,Non-Hispanic Black,30303,True,2.4057,1973628220,,False
MBR-000712,1950-02-04,75,F,Non-Hispanic White,30328,False,1.9554,1501118737,,False
MBR-000713,1955-05-24,70,F,Non-Hispanic White,30327,False,1.1492,1872462163,,False
MBR-000714,1953-09-19,72,M,Non-Hispanic White,30344,False,1.8076,1248706171,,False
MBR-000715,1953-03-14,72,M,Non-Hispanic White,30309,False,1.8015,1304514849,,False
MBR-000716,1955-12-15,70,F,Non-Hispanic White,30310,False,1.1737,1668497958,,False
MBR-000717,1956-08-20,69,M,Non-Hispanic White,30318,False,0.8945,1182922322,,False
MBR-000718,1950-01-15,75,F,Non-Hispanic Black,30305,False,0.9416,1248706171,,False
MBR-000719,1953-03-24,72,F,Non-Hispanic White,30319,False,1.7775,1505413597,,False
MBR-000720,1955-09-26,70,M,Hispanic,30009,False,1.1975,1501118737,,False
MBR-000721,1953-11-27,72,F,Non-Hispanic Black,30329,False,0.7774,1973628220,,False
MBR-000722,1949-12-18,76,M,Hispanic,30327,False,0.6062,1157435530,,False
MBR-000723,1957-11-21,68,F,Non-Hispanic White,30005,True,2.0063,1161128001,,False
MBR-000724,1956-01-09,69,F,Non-Hispanic White,30304,False,0.9543,1499072778,,False
MBR-000725,1955-09-02,70,F,Non-Hispanic White,30005,False,1.4124,1419073370,,False
MBR-000726,1947-02-12,78,M,Non-Hispanic White,30326,False,2.1483,1599126307,,False
MBR-000727,1952-01-25,73,M,Hispanic,30326,True,0.9165,1499072778,,False
MBR-000728,1950-09-04,75,M,Non-Hispanic White,30022,True,1.3945,1973628220,,True
MBR-000729,1955-06-16,70,M,Non-Hispanic White,30318,False,1.1313,1349083724,,False
MBR-000730,1955-08-06,70,M,Non-Hispanic White,30318,False,1.4436,1349083724,2025-09-30,False
MBR-000731,1951-11-13,74,M,Asian/Pacific Islander,30306,False,2.1318,1349083724,,False
MBR-000732,1952-01-05,73,F,Non-Hispanic White,30329,True,0.8719,1499072778,,False
MBR-000733,1951-07-21,74,M,Non-Hispanic White,30324,False,1.5867,1499072778,,False
MBR-000734,1953-11-23,72,M,Non-Hispanic Black,30303,True,2.1067,1248706171,,False
MBR-000735,1952-06-22,73,F,Other/Unknown,30349,True,1.2854,1248706171,,False
MBR-000736,1952-07-20,73,F,Non-Hispanic White,30326,False,1.16,1499072778,,False
MBR-000737,1950-06-07,75,F,Non-Hispanic Black,30308,False,1.4886,1844868053,,False
MBR-000738,1950-11-15,75,F,Hispanic,30302,False,1.4414,1248706171,2025-10-08,False
MBR-000739,1956-01-03,69,F,Non-Hispanic White,30319,True,1.6772,1248706171,,False
MBR-000740,1957-11-11,68,F,Non-Hispanic White,30306,True,1.7944,1973628220,,False
MBR-000741,1949-10-15,76,F,Non-Hispanic White,30304,False,0.8154,1844868053,,False
MBR-000742,1948-10-19,77,F,Non-Hispanic White,30331,False,1.9217,1668497958,,False
MBR-000743,1955-05-03,70,M,Non-Hispanic White,30306,False,2.0487,1248706171,,False
MBR-000744,1956-07-23,69,M,Non-Hispanic White,30304,False,1.3208,1899100857,,False
MBR-000745,1952-05-13,73,M,Non-Hispanic White,30319,True,0.8135,1499072778,,False
MBR-000746,1949-04-25,76,M,Non-Hispanic White,30302,False,1.1836,1679478607,,False
MBR-000747,1945-11-15,80,F,Non-Hispanic White,30022,False,1.3697,1973628220,2025-08-09,False
MBR-000748,1951-07-16,74,M,Non-Hispanic White,30005,False,0.753,1505413597,,False
MBR-000749,1953-09-20,72,M,Non-Hispanic White,30328,True,1.2413,1248706171,,False
MBR-000750,1955-02-23,70,M,Non-Hispanic White,30024,False,0.6564,1248706171,,False
MBR-000751,1952-10-05,73,F,Non-Hispanic White,30354,False,1.6091,1844868053,,False
MBR-000752,1953-08-15,72,M,Non-Hispanic White,30303,False,1.321,1973628220,,False
MBR-000753,1955-12-01,70,F,Non-Hispanic White,30341,False,0.5922,1782278965,,False
MBR-000754,1944-02-14,81,F,Asian/Pacific Islander,30308,False,1.4696,1679478607,,False
MBR-000755,1946-07-23,79,M,Non-Hispanic White,30329,False,1.2259,1161128001,,False
MBR-000756,1949-07-25,76,F,Non-Hispanic Black,30326,False,1.5579,1349083724,,False
MBR-000757,1955-07-08,70,M,Non-Hispanic White,30306,False,1.0262,1872462163,,False
MBR-000758,1950-01-11,75,M,Non-Hispanic White,30302,False,0.8767,1782278965,,False
MBR-000759,1950-06-16,75,F,Other/Unknown,30022,False,0.8883,1248706171,,False
MBR-000760,1951-04-12,74,F,Non-Hispanic Black,30308,True,1.1188,1899100857,,False
MBR-000761,1948-08-05,77,M,Non-Hispanic White,30303,False,1.2582,1501118737,,False
MBR-000762,1951-03-09,74,F,Non-Hispanic White,30305,False,1.3186,1248706171,,False
MBR-000763,1950-06-12,75,M,Non-Hispanic White,30326,False,1.1413,1248706171,,False
MBR-000764,1951-08-15,74,F,Non-Hispanic White,30340,False,1.0279,1499072778,,False
MBR-000765,1951-01-26,74,F,Non-Hispanic Black,30341,False,1.0605,1419073370,,True
MBR-000766,1956-10-16,69,F,Other/Unknown,30334,False,3.7251,1844868053,,False
MBR-000767,1952-09-11,73,F,Non-Hispanic White,30305,False,0.8803,1248706171,,False
MBR-000768,1954-01-19,71,M,Non-Hispanic White,30302,False,0.9575,1349083724,,False
MBR-000769,1955-01-22,70,F,Non-Hispanic White,30318,True,4.0,1161128001,,False
MBR-000770,1946-11-13,79,F,Non-Hispanic White,30344,False,1.5063,1599126307,,False
MBR-000771,1946-04-14,79,F,Non-Hispanic White,30360,True,0.8437,1782278965,,False
MBR-000772,1948-11-07,77,M,Non-Hispanic White,30326,False,1.8014,1973628220,,False
MBR-000773,1952-06-25,73,M,Non-Hispanic White,30334,False,0.8288,1161128001,,False
MBR-000774,1948-05-25,77,M,Non-Hispanic White,30327,False,1.8545,1161128001,,False
MBR-000775,1952-04-05,73,M,Non-Hispanic White,30331,False,1.1233,1973628220,,False
MBR-000776,1952-08-10,73,M,Non-Hispanic White,30331,True,1.1549,1499072778,2025-06-20,False
MBR-000777,1955-02-08,70,M,Hispanic,30318,False,2.4955,1782278965,,False
MBR-000778,1951-05-26,74,F,Non-Hispanic White,30318,False,1.5844,1501118737,,False
MBR-000779,1952-05-02,73,M,Non-Hispanic White,30024,True,2.1082,1248706171,,False
MBR-000780,1955-02-06,70,F,Non-Hispanic White,30334,False,1.4794,1304514849,,False
MBR-000781,1953-05-09,72,F,Non-Hispanic White,30302,False,1.0105,1501118737,,False
MBR-000782,1953-07-16,72,F,Non-Hispanic White,30307,False,1.608,1505413597,,False
MBR-000783,1945-09-07,80,M,Non-Hispanic White,30334,False,2.1278,1157435530,,False
MBR-000784,1950-02-16,75,F,Non-Hispanic White,30334,False,1.315,1505413597,2025-02-28,False
MBR-000785,1952-11-21,73,F,Hispanic,30324,False,2.7315,1844868053,,False
MBR-000786,1952-11-24,73,F,Non-Hispanic White,30354,False,1.7915,1844868053,,False
MBR-000787,1952-09-03,73,F,Non-Hispanic White,30307,False,1.3521,1349083724,,False
MBR-000788,1953-12-04,72,F,Non-Hispanic White,30334,False,1.3718,1501118737,,False
MBR-000789,1955-06-03,70,F,Asian/Pacific Islander,30341,True,1.4674,1349083724,,False
MBR-000790,1953-10-26,72,F,Other/Unknown,30329,False,0.7114,1349083724,,False
MBR-000791,1954-09-19,71,M,Non-Hispanic White,30318,True,1.3785,1973628220,,False
MBR-000792,1955-07-15,70,F,Non-Hispanic White,30304,False,1.3456,1973628220,,False
MBR-000793,1951-03-23,74,M,Non-Hispanic White,30318,False,1.0311,1182922322,,False
MBR-000794,1951-07-17,74,F,Non-Hispanic Black,30345,False,1.4329,1679478607,,False
MBR-000795,1956-11-07,69,F,Non-Hispanic White,30024,False,1.2276,1248706171,,False
MBR-000796,1953-12-15,72,M,Non-Hispanic White,30329,False,1.7278,1973628220,,False
MBR-000797,1949-06-20,76,F,Non-Hispanic White,30304,False,1.6612,1668497958,,False
MBR-000798,1949-03-02,76,M,Non-Hispanic White,30327,False,1.3377,1304514849,,False
MBR-000799,1949-09-17,76,M,Non-Hispanic Black,30344,False,0.6926,1419073370,,False
MBR-000800,1952-01-14,73,M,Non-Hispanic White,30308,False,2.7183,1248706171,,False
MBR-000801,1955-02-02,70,M,Non-Hispanic White,30342,False,1.1458,1248706171,,False
MBR-000802,1955-07-08,70,M,Non-Hispanic White,30301,False,1.1771,1973628220,,False
MBR-000803,1951-12-13,74,M,Non-Hispanic White,30306,False,1.0646,1161128001,,False
MBR-000804,1951-04-10,74,F,Non-Hispanic White,30309,True,1.2783,1248706171,,False
MBR-000805,1948-06-09,77,F,Non-Hispanic White,30305,False,2.452,1248706171,,False
MBR-000806,1949-04-19,76,M,Non-Hispanic Black,30342,False,2.283,1248706171,,False
MBR-000807,1953-06-12,72,F,Non-Hispanic White,30318,False,1.4936,1349083724,,False
MBR-000808,1955-01-14,70,M,Non-Hispanic White,30310,False,1.1633,1844868053,,False
MBR-000809,1953-08-23,72,F,Non-Hispanic White,30331,False,1.6135,1782278965,,False
MBR-000810,1952-08-03,73,M,Non-Hispanic White,30302,False,1.2725,1248706171,,False
MBR-000811,1953-04-11,72,F,Non-Hispanic White,30301,False,1.1296,1349083724,,False
MBR-000812,1954-04-03,71,M,Non-Hispanic White,30302,False,1.4212,1499072778,,False
MBR-000813,1952-10-26,73,F,Non-Hispanic White,30326,False,1.0159,1782278965,,False
MBR-000814,1954-03-06,71,M,Non-Hispanic White,30309,False,1.3683,1248706171,,False
MBR-000815,1954-01-23,71,F,Non-Hispanic White,30341,False,1.3395,1872462163,,False
MBR-000816,1952-01-06,73,M,Non-Hispanic White,30309,False,1.606,1872462163,,False
MBR-000817,1954-11-10,71,F,Non-Hispanic White,30340,False,0.9322,1182922322,,False
MBR-000818,1952-05-18,73,F,Non-Hispanic Black,30350,False,1.6838,1501118737,,False
MBR-000819,1952-02-24,73,F,Non-Hispanic White,30303,False,0.8301,1973628220,,False
MBR-000820,1955-11-05,70,F,Non-Hispanic White,30310,False,0.9474,1668497958,,False
MBR-000821,1954-02-06,71,F,Asian/Pacific Islander,30009,False,0.9698,1844868053,,False
MBR-000822,1947-05-25,78,M,Non-Hispanic White,30324,False,0.7927,1419073370,,False
MBR-000823,1955-01-10,70,M,Non-Hispanic White,30324,False,1.9153,1349083724,2025-08-23,False
MBR-000824,1957-09-06,68,M,Non-Hispanic White,30309,False,0.7879,1501118737,,False
MBR-000825,1956-09-21,69,M,Non-Hispanic White,30305,False,0.8922,1499072778,,False
MBR-000826,1952-10-03,73,F,Non-Hispanic White,30326,False,2.1432,1462172927,,False
MBR-000827,1952-04-25,73,F,Non-Hispanic White,30350,False,0.9603,1248706171,,False
MBR-000828,1953-04-25,72,F,Non-Hispanic White,30306,False,1.1306,1505413597,,False
MBR-000829,1948-12-24,77,F,Non-Hispanic White,30349,True,0.9716,1248706171,,False
MBR-000830,1957-10-09,68,F,Non-Hispanic White,30327,False,1.7577,1161128001,,False
MBR-000831,1951-01-04,74,F,Non-Hispanic White,30301,False,1.7926,1499072778,,False
MBR-000832,1947-09-12,78,F,Non-Hispanic White,30301,False,1.7254,1844868053,,False
MBR-000833,1955-10-10,70,M,Non-Hispanic White,30301,False,1.5484,1248706171,,False
MBR-000834,1953-07-27,72,F,Asian/Pacific Islander,30328,False,1.2684,1973628220,,False
MBR-000835,1954-08-18,71,F,Non-Hispanic White,30328,False,0.9718,1349083724,2025-02-25,False
MBR-000836,1955-01-27,70,M,Non-Hispanic White,30331,False,0.8516,1505413597,,False
MBR-000837,1953-01-22,72,M,Non-Hispanic White,30309,True,2.3592,1248706171,,False
MBR-000838,1947-01-21,78,F,Non-Hispanic White,30319,False,1.745,1844868053,,False
MBR-000839,1945-02-04,80,F,Non-Hispanic White,30334,False,0.9384,1161128001,,False
MBR-000840,1953-12-02,72,F,Non-Hispanic White,30334,False,1.2497,1668497958,,False
MBR-000841,1945-08-02,80,F,Non-Hispanic White,30329,False,1.1084,1599126307,,False
MBR-000842,1952-10-17,73,M,Non-Hispanic White,30306,False,0.7543,1161128001,,False
MBR-000843,1946-04-06,79,M,Non-Hispanic White,30319,False,1.3559,1349083724,,False
MBR-000844,1953-12-28,72,F,Non-Hispanic White,30302,False,1.0234,1505413597,,False
MBR-000845,1952-03-04,73,F,Non-Hispanic White,30301,False,0.8137,1668497958,,False
MBR-000846,1951-11-27,74,F,Non-Hispanic White,30307,False,0.6528,1501118737,,False
MBR-000847,1936-01-19,89,F,Non-Hispanic White,30327,False,0.6897,1782278965,,False
MBR-000848,1950-01-03,75,M,Non-Hispanic White,30319,False,1.0553,1599126307,,False
MBR-000849,1954-01-02,71,F,Non-Hispanic White,30302,False,1.1789,1782278965,,False
MBR-000850,1949-10-12,76,M,Non-Hispanic White,30340,True,1.1398,1599126307,,False
MBR-000851,1953-04-10,72,M,Non-Hispanic White,30349,False,1.6363,1668497958,,False
MBR-000852,1954-06-09,71,M,Non-Hispanic White,30307,False,1.1891,1349083724,,False
MBR-000853,1950-06-15,75,M,Asian/Pacific Islander,30329,True,1.8382,1182922322,,False
MBR-000854,1952-10-04,73,F,Non-Hispanic White,30302,False,1.1372,1872462163,,False
MBR-000855,1952-05-04,73,M,Non-Hispanic White,30004,False,0.8741,1501118737,,False
MBR-000856,1952-01-20,73,M,Non-Hispanic White,30302,True,1.5324,1182922322,,False
MBR-000857,1951-05-28,74,F,Other/Unknown,30308,False,0.7159,1973628220,,False
MBR-000858,1951-04-08,74,F,Non-Hispanic White,30331,False,1.5657,1248706171,,False
MBR-000859,1956-09-27,69,M,Non-Hispanic White,30303,True,0.962,1349083724,,False
MBR-000860,1950-10-10,75,M,Other/Unknown,30318,False,1.854,1499072778,,False
MBR-000861,1955-02-10,70,M,Non-Hispanic White,30326,False,1.0505,1505413597,,False
MBR-000862,1956-10-03,69,F,American Indian/Alaska Native,30309,False,1.9517,1505413597,,False
MBR-000863,1953-01-12,72,M,Non-Hispanic White,30319,True,1.0234,1248706171,,False
MBR-000864,1952-08-14,73,M,Non-Hispanic White,30350,False,0.9166,1501118737,,False
MBR-000865,1954-05-19,71,M,Non-Hispanic White,30345,False,1.4484,1973628220,,False
MBR-000866,1950-04-05,75,F,Non-Hispanic White,30319,True,2.2281,1679478607,,False
MBR-000867,1955-06-06,70,M,Asian/Pacific Islander,30310,False,2.5603,1599126307,2025-02-23,False
MBR-000868,1954-04-13,71,F,Non-Hispanic White,30306,True,1.4777,1499072778,,False
MBR-000869,1954-10-02,71,M,Other/Unknown,30349,False,2.7677,1501118737,,False
MBR-000870,1953-12-05,72,F,Non-Hispanic White,30340,True,1.2499,1304514849,,False
MBR-000871,1952-10-18,73,M,Non-Hispanic White,30326,False,1.9995,1505413597,,False
MBR-000872,1955-06-27,70,M,Asian/Pacific Islander,30349,False,0.8053,1248706171,,False
MBR-000873,1950-07-17,75,M,Non-Hispanic White,30307,False,1.4898,1668497958,,False
MBR-000874,1952-06-05,73,F,Hispanic,30318,False,0.5,1304514849,,False
MBR-000875,1956-10-28,69,F,Non-Hispanic White,30307,False,0.7404,1248706171,,False
MBR-000876,1956-07-15,69,M,Non-Hispanic White,30310,True,1.598,1499072778,,False
MBR-000877,1953-06-21,72,M,Non-Hispanic White,30331,False,0.6928,1679478607,,False
MBR-000878,1953-05-06,72,F,Non-Hispanic White,30303,False,1.4822,1499072778,,False
MBR-000879,1953-05-17,72,F,Non-Hispanic White,30024,False,1.8324,1872462163,,False
MBR-000880,1953-07-03,72,M,Non-Hispanic White,30307,False,0.9857,1501118737,,False
MBR-000881,1952-09-18,73,M,Non-Hispanic White,30340,True,1.0647,1668497958,,False
MBR-000882,1949-06-06,76,F,Non-Hispanic White,30341,False,1.0134,1161128001,,False
MBR-000883,1955-10-26,70,F,Non-Hispanic Black,30334,False,0.797,1899100857,,False
MBR-000884,1955-10-02,70,F,Non-Hispanic White,30005,False,1.1666,1782278965,,False
MBR-000885,1955-06-19,70,F,Non-Hispanic White,30318,False,1.2764,1501118737,,False
MBR-000886,1952-11-04,73,F,Other/Unknown,30305,False,1.0776,1872462163,,False
MBR-000887,1948-03-20,77,M,Non-Hispanic White,30306,False,2.5972,1501118737,,False
MBR-000888,1954-12-14,71,M,Non-Hispanic White,30306,False,0.8921,1248706171,,False
MBR-000889,1957-04-28,68,M,Non-Hispanic White,30349,False,2.2565,1419073370,,False
MBR-000890,1956-07-19,69,M,Non-Hispanic White,30334,True,1.0398,1182922322,,False
MBR-000891,1955-04-11,70,M,Non-Hispanic White,30308,True,1.3644,1248706171,,False
MBR-000892,1954-06-03,71,M,Non-Hispanic White,30301,True,2.2544,1349083724,,False
MBR-000893,1954-05-17,71,F,Non-Hispanic White,30318,False,2.0206,1501118737,,False
MBR-000894,1952-09-13,73,M,Non-Hispanic White,30340,False,1.0252,1973628220,,False
MBR-000895,1953-01-02,72,M,Non-Hispanic White,30304,True,1.8269,1844868053,,False
MBR-000896,1949-11-17,76,F,Non-Hispanic White,30344,False,1.4944,1505413597,,True
MBR-000897,1954-11-06,71,F,Non-Hispanic White,30334,False,0.9652,1973628220,,False
MBR-000898,1955-07-07,70,F,Non-Hispanic White,30344,True,1.7339,1844868053,,True
MBR-000899,1951-07-01,74,F,Hispanic,30301,False,2.8104,1499072778,,False
MBR-000900,1956-09-11,69,F,Non-Hispanic White,30332,False,1.4998,1499072778,,False
MBR-000901,1951-03-07,74,M,Non-Hispanic White,30303,False,1.5843,1499072778,,False
MBR-000902,1952-09-03,73,M,Non-Hispanic White,30310,False,1.6558,1499072778,,False
MBR-000903,1953-03-13,72,F,Non-Hispanic White,30350,False,0.6498,1501118737,,False
MBR-000904,1947-09-07,78,M,Non-Hispanic White,30332,False,1.5281,1304514849,,False
MBR-000905,1954-04-04,71,M,Non-Hispanic White,30309,False,0.7834,1248706171,,False
MBR-000906,1944-09-14,81,M,Other/Unknown,30341,False,0.9842,1248706171,,False
MBR-000907,1953-10-02,72,M,Non-Hispanic White,30307,False,3.2026,1248706171,,False
MBR-000908,1955-03-28,70,M,Non-Hispanic Black,30327,False,1.0907,1304514849,,False
MBR-000909,1952-08-14,73,M,Non-Hispanic White,30022,False,0.8921,1248706171,,False
MBR-000910,1955-06-28,70,F,Non-Hispanic White,30331,False,2.0357,1248706171,,False
MBR-000911,1954-04-25,71,F,Non-Hispanic White,30346,True,1.0081,1248706171,,False
MBR-000912,1951-08-28,74,M,Non-Hispanic White,30326,False,1.0172,1505413597,,False
MBR-000913,1951-12-16,74,F,Non-Hispanic Black,30360,False,2.1412,1782278965,2025-09-10,False
MBR-000914,1954-01-12,71,M,Asian/Pacific Islander,30329,False,1.2473,1499072778,,False
MBR-000915,1949-12-21,76,F,Hispanic,30332,False,0.6383,1248706171,,False
MBR-000916,1949-11-03,76,F,Non-Hispanic White,30303,False,1.5768,1844868053,,False
MBR-000917,1947-07-24,78,M,Non-Hispanic Black,30354,False,1.0559,1182922322,,False
MBR-000918,1951-08-10,74,F,Non-Hispanic White,30304,False,2.4355,1973628220,,False
MBR-000919,1948-05-01,77,F,Hispanic,30009,False,0.9615,1505413597,,False
MBR-000920,1956-02-07,69,F,Non-Hispanic White,30309,False,1.9419,1501118737,,False
MBR-000921,1953-07-07,72,F,Non-Hispanic White,30304,False,2.6962,1973628220,,False
MBR-000922,1955-10-01,70,F,Non-Hispanic White,30342,False,0.8382,1872462163,,False
MBR-000923,1952-03-19,73,M,Non-Hispanic White,30310,False,1.1321,1899100857,,False
MBR-000924,1954-09-03,71,F,Non-Hispanic White,30310,False,1.4533,1499072778,,False
MBR-000925,1953-09-24,72,F,Hispanic,30344,False,0.8439,1501118737,,False
MBR-000926,1945-10-13,80,F,Non-Hispanic Black,30304,False,1.4152,1248706171,,False
MBR-000927,1953-05-21,72,M,Asian/Pacific Islander,30303,False,1.1125,1462172927,2025-02-02,False
MBR-000928,1951-05-10,74,F,Non-Hispanic White,30318,False,1.1107,1349083724,,False
MBR-000929,1953-05-04,72,M,Non-Hispanic White,30306,False,1.2547,1499072778,,False
MBR-000930,1952-11-06,73,F,Non-Hispanic White,30303,False,1.2711,1248706171,,False
MBR-000931,1952-11-19,73,M,Non-Hispanic White,30309,False,1.3238,1349083724,,False
MBR-000932,1951-05-21,74,F,Non-Hispanic White,30302,False,0.9525,1499072778,,False
MBR-000933,1948-12-08,77,F,Non-Hispanic White,30307,False,0.9827,1973628220,,False
MBR-000934,1946-07-10,79,M,Non-Hispanic White,30306,False,1.1936,1599126307,,False
MBR-000935,1952-05-27,73,F,Non-Hispanic White,30329,False,1.2081,1668497958,,False
MBR-000936,1951-01-24,74,M,Non-Hispanic White,30319,False,1.021,1248706171,,False
MBR-000937,1955-08-12,70,F,Non-Hispanic White,30305,False,1.4083,1501118737,,False
MBR-000938,1953-08-07,72,F,Non-Hispanic White,30307,False,0.5583,1349083724,,False
MBR-000939,1949-12-09,76,M,Asian/Pacific Islander,30344,False,0.9078,1501118737,,False
MBR-000940,1950-09-16,75,M,Non-Hispanic White,30332,True,1.319,1872462163,,False
MBR-000941,1952-01-16,73,M,Non-Hispanic Black,30328,True,1.0537,1973628220,,False
MBR-000942,1950-07-06,75,M,Non-Hispanic White,30326,False,2.5379,1872462163,,True
MBR-000943,1951-09-02,74,F,Non-Hispanic White,30301,False,1.2462,1782278965,,False
MBR-000944,1948-06-14,77,F,Non-Hispanic White,30341,False,1.3474,1499072778,,False
MBR-000945,1952-06-23,73,M,Hispanic,30009,False,0.9975,1501118737,,False
MBR-000946,1953-10-05,72,F,Non-Hispanic White,30009,False,1.2195,1501118737,,False
MBR-000947,1952-08-12,73,M,Non-Hispanic White,30309,False,0.7265,1844868053,,False
MBR-000948,1958-09-05,67,F,Non-Hispanic White,30308,False,1.1197,1349083724,,False
MBR-000949,1951-06-07,74,M,Non-Hispanic White,30302,False,0.8232,1248706171,,False
MBR-000950,1958-04-18,67,F,Non-Hispanic White,30306,False,1.0672,1599126307,,False
MBR-000951,1956-07-09,69,F,Non-Hispanic White,30305,False,0.5,1248706171,,False
MBR-000952,1951-12-08,74,M,Non-Hispanic White,30319,False,0.7583,1782278965,,False
MBR-000953,1951-08-28,74,F,Non-Hispanic White,30307,False,2.3549,1349083724,,False
MBR-000954,1955-09-05,70,F,Non-Hispanic White,30009,True,2.0529,1499072778,,False
MBR-000955,1954-02-06,71,M,Non-Hispanic White,30301,False,2.1965,1501118737,,False
MBR-000956,1948-12-27,77,M,Non-Hispanic Black,30305,False,2.2887,1499072778,,False
MBR-000957,1954-03-16,71,F,Non-Hispanic Black,30350,False,1.6484,1248706171,,False
MBR-000958,1943-12-02,82,M,Non-Hispanic White,30344,False,1.0468,1499072778,,False
MBR-000959,1953-06-12,72,M,Non-Hispanic White,30304,True,1.0724,1499072778,,False
MBR-000960,1951-12-16,74,M,Non-Hispanic White,30319,False,2.0464,1679478607,,False
MBR-000961,1946-11-08,79,F,Non-Hispanic White,30303,True,1.5038,1872462163,,False
MBR-000962,1952-10-16,73,M,Non-Hispanic White,30310,False,3.7183,1248706171,,False
MBR-000963,1955-11-19,70,M,Non-Hispanic White,30329,False,1.0382,1349083724,,False
MBR-000964,1953-08-08,72,F,American Indian/Alaska Native,30302,False,2.9437,1248706171,,False
MBR-000965,1953-11-23,72,F,Non-Hispanic White,30327,False,1.1463,1248706171,,False
MBR-000966,1956-03-13,69,F,Non-Hispanic Black,30302,False,2.2052,1499072778,,False
MBR-000967,1953-01-27,72,M,Non-Hispanic White,30327,False,2.603,1499072778,,False
MBR-000968,1954-07-03,71,F,Non-Hispanic White,30341,False,0.7813,1248706171,,False
MBR-000969,1949-10-10,76,F,Non-Hispanic White,30307,False,1.0087,1248706171,,False
MBR-000970,1952-10-21,73,M,Non-Hispanic White,30306,False,0.7859,1668497958,,False
MBR-000971,1953-07-26,72,F,Non-Hispanic Black,30329,True,0.9847,1182922322,,False
MBR-000972,1953-07-07,72,M,Non-Hispanic White,30345,False,1.6481,1973628220,,False
MBR-000973,1952-08-28,73,M,Non-Hispanic White,30324,True,1.3694,1499072778,,False
MBR-000974,1951-11-06,74,M,Non-Hispanic White,30342,False,1.2646,1248706171,,False
MBR-000975,1955-11-12,70,F,Non-Hispanic White,30324,False,1.5613,1499072778,,False
MBR-000976,1955-02-09,70,M,Non-Hispanic White,30305,False,0.5402,1248706171,,False
MBR-000977,1949-08-12,76,M,Hispanic,30327,True,2.2928,1844868053,,False
MBR-000978,1954-05-26,71,M,Non-Hispanic White,30307,True,1.1889,1782278965,,False
MBR-000979,1956-10-21,69,M,Non-Hispanic White,30340,False,1.5409,1590886206,,True
MBR-000980,1951-07-23,74,M,Non-Hispanic White,30303,True,1.8705,1668497958,,False
MBR-000981,1951-12-08,74,F,Non-Hispanic White,30309,False,2.2597,1499072778,,False
MBR-000982,1956-06-27,69,M,Asian/Pacific Islander,30334,False,1.1607,1248706171,,False
MBR-000983,1952-09-13,73,M,Non-Hispanic White,30334,False,0.5,1499072778,,False
MBR-000984,1950-02-19,75,F,Non-Hispanic White,30326,False,1.2712,1499072778,,False
MBR-000985,1951-12-20,74,M,Non-Hispanic White,30319,False,1.3494,1782278965,,False
MBR-000986,1951-02-19,74,F,Non-Hispanic White,30004,False,0.7894,1499072778,,False
MBR-000987,1956-05-17,69,M,Non-Hispanic White,30341,False,1.2983,1304514849,,False
MBR-000988,1952-11-14,73,M,Non-Hispanic White,30360,True,1.2149,1973628220,,False
MBR-000989,1953-12-19,72,M,Non-Hispanic White,30332,False,0.6838,1973628220,,False
MBR-000990,1954-06-26,71,M,Non-Hispanic White,30332,False,1.6473,1973628220,,False
MBR-000991,1950-06-11,75,M,Non-Hispanic White,30331,False,0.9711,1157435530,,False
MBR-000992,1947-01-15,78,F,Non-Hispanic White,30326,False,1.0515,1349083724,,False
MBR-000993,1946-12-06,79,M,Non-Hispanic Black,30305,True,1.2407,1161128001,,False
MBR-000994,1948-01-10,77,F,Non-Hispanic White,30332,False,2.1403,1499072778,,False
MBR-000995,1953-01-22,72,F,Non-Hispanic White,30309,True,1.4384,1782278965,,False
MBR-000996,1951-06-18,74,M,Non-Hispanic Black,30306,False,1.2795,1499072778,,False
MBR-000997,1950-01-06,75,F,Non-Hispanic White,30354,False,1.0242,1501118737,,False
MBR-000998,1952-02-16,73,M,Non-Hispanic White,30304,False,1.5099,1248706171,,False
MBR-000999,1952-08-23,73,M,Non-Hispanic White,30327,True,2.4764,1349083724,,False
MBR-001000,1950-09-04,75,M,Other/Unknown,30332,False,1.6462,1349083724,,False
